latitude,longitude,serial number,COMUNE
45.990807,8.747367,IT*ENX*E19XP22T5HK4AH00131*1,Luino
45.72459,8.602625,IT*BEC*EE002170*2,Castelletto sopra Ticino
45.69374,8.820043,IT*ENX*E19XP22T3KK4AH00131*1,Oggiona con Santo Stefano
45.816889,8.805581,IT*EWI*EEW024502*1,Varese
45.599988,8.645496,IT*BEC*EH000373*2,Oleggio
46.03304,8.773506,IT*BEC*EE003748*1,Agra
45.720095,8.602382,IT*ENX*E19XP22T5HK1AL00007*2,Castelletto sopra Ticino
45.687303,8.7341,IT*ENX*E19XP22T3KK1AT00059*1,Arsago Seprio
45.687303,8.7341,IT*ENX*E19XP22T3KK1AT00059*2,Arsago Seprio
45.715584,8.860736,IT*BEC*EH001137*1,Castelseprio
45.737023,8.893425,IT*ENX*E24BZ4967A*1,Venegono Inferiore
45.670786,8.739467,IT*ENX*E19XP22T3KK4AD00127*1,Casorate Sempione
45.615673,9.067791,IT*BEC*EH000751*2,Solaro
45.815663,8.832642,IT*ENX*E21XK11M1J03BF00237*1,Varese
45.73679,8.897091,IT*ENX*E23BZ4021A*1,Venegono Inferiore
45.907621,8.908572,IT*ENX*E20XP22T3KK1AL00409*2,Porto Ceresio
45.651788,8.7855,IT*ENX*E19XP22T3KK4AD00019*1,Gallarate
45.579844,8.80149,IT*ENX*E18XP22T3BB4U000209*1,Magnago
45.784943,8.926329,IT*ENX*E23BZ9629A*1,Binago
45.6275735,8.7008652,IT*EMO*E2054*1,Vizzola Ticino
45.737023,8.893425,IT*ENX*E24BZ4967A*2,Venegono Inferiore
45.548408,8.981501,IT*ENX*E22BZ3960A*3,Nerviano
45.606492,8.852083,IT*BEC*EE000030*2,Busto Arsizio
45.587834,8.638941,IT*ENX*E19XP22T3KK1AL00026*1,Oleggio
45.556612,8.772579,IT*ENX*E19XP22T3KK4AD00173*1,Castano Primo
45.703837,8.876619,IT*ENX*E18XP22T5HK4AH00194*1,Lonate Ceppino
45.587834,8.638941,IT*ENX*E19XP22T3KK1AL00026*2,Oleggio
45.549271,8.722937,IT*ENX*E24BZ4276A*2,Nosate
45.843649,8.712511,IT*BEC*EE002523*1,Gavirate
45.703176,8.919212,IT*BEC*EE002329*1,Tradate
45.5773,9.0249,IT*BEC*EE005820*1,Lainate
45.815351,8.835168,IT*ENX*E19XP22T3KK4AH00444*2,Varese
45.61109,9.035546,IT*ENX*ESN2403122405*1,Saronno
45.864691,8.933245,IT*BEC*EE007158*1,Clivio
45.790926,8.888905,IT*ENX*E18XP22T3BB4U000084*1,Malnate
45.790926,8.888905,IT*ENX*E18XP22T3BB4U000084*2,Malnate
45.565513,9.030314,IT*BEC*EE005538*2,Lainate
45.815134,8.761728,IT*ENX*E19XP22T3KK4AH00446*1,Varese
45.564677,9.046105,IT*ENX*E19XM32T7GB3W000072*2,Lainate
45.651308,9.001538,IT*ENX*E18XP22T5AB5U000366*2,Turate
45.996949,8.73616,IT*ENX*E20XP22T3KK4AL01181*2,Luino
45.7099078,8.9013992,IT*IPE*E170002454*2,Tradate
45.62836,9.026623,IT*BEC*EE000533*1,Saronno
45.644101,8.817649,IT*BEC*EE002465*2,Gallarate
45.846624,8.839996,IT*ENX*E19XP22T3KK4AS00034*1,Induno Olona
45.620674,8.758789,IT*ENX*ESN2312240082*2,Ferno
45.734795,8.883038,IT*BEC*EE002000*1,Venegono Inferiore
45.863081,8.791822,IT*ENX*E18XP22T5HK1AG00028*1,Varese
46.038067,8.707634,IT*BEC*EE005718*1,Cannobio
45.559672,9.040033,IT*ENX*E19XM32T7GB3W000047*2,Lainate
45.610869,8.902841,IT*ENX*E18XP22T3KK1AG00025*1,Castellanza
45.729249,8.88752,IT*ENX*E19XM32T7CB3W000205*3,Venegono Inferiore
45.6906128,8.8210787,IT*IPE*E170002446*2,Oggiona con Santo Stefano
45.570164,8.639467,IT*ENX*E19XP22T3KK1AT00038*2,Bellinzago Novarese
45.863081,8.791822,IT*ENX*E18XP22T5HK1AG00028*2,Varese
45.736273,8.988505,IT*ENX*E19XP22T3KK4AZ00496*2,Appiano Gentile
45.6906128,8.8210787,IT*IPE*E170002446*1,Oggiona con Santo Stefano
45.6906128,8.8210787,IT*IPE*E170002652*3,Oggiona con Santo Stefano
45.64786,9.05138,IT*ENX*E18DP22T3KK5U000320*2,Rovello Porro
45.806429,8.860574,IT*ENX*E24BZ3747A*2,Varese
45.661632,8.779801,IT*EMO*E2087*1,Gallarate
45.69244,8.935648,IT*ENX*E24BZ4954A*1,Locate Varesino
45.580759,8.897489,IT*ENX*E19XP22T3KK4AH00066*2,Legnano
45.69244,8.935648,IT*ENX*E24BZ4954A*2,Locate Varesino
45.945055,8.833902,IT*BEC*EE004568*2,Marchirolo
45.625254,8.876394,IT*ENX*E18XP22T5LB4U000086*1,Olgiate Olona
45.826906,8.776135,IT*ENX*E19XP22T3KK4AZ00962*2,Casciago
45.644519,8.900339,IT*ENX*E22XP22T3QQ1AN01067*2,Gorla Minore
45.83304,8.800362,IT*ENX*E19XP22T3KK4AH00441*1,Varese
46.065222,8.691377,IT*ENX*E18XP22T3KK4AH00267*1,Cannobio
45.809702,8.621414,IT*ENX*E20XP22T5HK4AL00171*2,Ispra
45.566316,8.645551,IT*ENX*E19XP22T3KK1AT00039*1,Bellinzago Novarese
45.839251,8.908614,IT*ENX*E24BZ4308A*2,Cantello
45.836313,8.699916,IT*ENX*E20XP22T3KK1AL00173*2,Bardello con Malgesso e Bregano
45.801617,8.835124,IT*BEC*EE000527*1,Varese
45.94195,8.821006,IT*BEC*EE005564*1,Cugliate-Fabiasco
45.94195,8.821006,IT*BEC*EE005564*2,Cugliate-Fabiasco
46.067591,8.698077,IT*ENX*E18XP22T3KK4AH00269*2,Cannobio
45.825399,8.763514,IT*ENX*E20XP22T3KK4AZ00082*1,Casciago
45.5941,9.0152,IT*ENX*E18XP22T3BB4U000103*2,Origgio
45.747501,8.754252,IT*BEC*EE006938*2,Mornago
45.730086,8.731789,IT*BEC*EH000785*1,Vergiate
45.7585,8.8904,IT*ENX*E18DP22T3KK5U000308*1,Venegono Superiore
45.779403,8.919623,IT*ENX*E24BZ4301A*1,Binago
45.839395,8.841594,IT*VCC*EVCC*H1079*1,Induno Olona
45.61328,8.93718,IT*VCC*EVCIT*0000345*1,Legnano
45.825399,8.763514,IT*ENX*E20XP22T3KK4AZ00082*2,Casciago
45.704145,8.901292,IT*BEC*EE000166*1,Tradate
45.623912,9.037036,IT*BEC*EE000013*1,Saronno
45.816889,8.805581,IT*EWI*EEW024501*1,Varese
45.566572,8.987408,IT*BEC*EH001678*1,Nerviano
45.839251,8.908614,IT*ENX*E24BZ4308A*1,Cantello
45.599272,8.898828,IT*ENX*E24BZ1306A*2,Legnano
46.044293,8.734871,IT*ENX*E19XP22T3KK4AH00103*1,Maccagno con Pino e Veddasca
45.709482,8.633396,IT*ENX*E19XP22T3KK4AD00366*1,Castelletto sopra Ticino
45.772914,8.885847,IT*ENX*E18XM32T7CB4W000006*3,Vedano Olona
45.704127,8.902857,IT*BEC*EE000278*2,Tradate
45.81636,8.77995,IT*ENX*E19XP22T5HK4AH00133*1,Varese
45.722971,8.810344,IT*ENX*E22XP22T5HKJAL00002*1,Solbiate Arno
45.5941,9.0152,IT*ENX*E18XP22T3BB4U000103*1,Origgio
45.633297,8.852855,IT*A2A*ESN2000278*4,Busto Arsizio
45.633297,8.852855,IT*A2A*ESN2000278*1,Busto Arsizio
45.998897,8.742586,IT*BEC*EE004697*1,Luino
45.544068,8.975709,IT*BEC*EH001676*2,Nerviano
45.730086,8.731789,IT*BEC*EH000785*2,Vergiate
45.843649,8.712511,IT*BEC*EE002523*2,Gavirate
45.6374,9.0018,IT*ENX*E21XP22T3KK4AK00164*1,Gerenzano
45.8005,8.8788,IT*ENX*E18XP22T5AB5U000487*2,Malnate
45.64904,8.888007,IT*BEC*EE004126*2,Solbiate Olona
45.801628,8.835267,IT*BEC*EW000024*1,Varese
45.747501,8.754252,IT*BEC*EE006938*1,Mornago
45.739835,8.859269,IT*ENX*E22XP22T3QQ1AN00364*1,Gornate Olona
45.743248,8.983145,IT*ENX*E18XP22T3KK4AH00152*1,Appiano Gentile
45.549198,8.722868,IT*ENX*E18XP22T3BB5U000307*2,Nosate
45.743248,8.983145,IT*ENX*E18XP22T3KK4AH00152*2,Appiano Gentile
45.5922,9.0085,IT*ENX*E18XP22T5LB4U000142*2,Origgio
45.6449,8.9973,IT*ENX*E18XP22T3KK4AH00219*2,Gerenzano
45.703176,8.919212,IT*BEC*EE002329*2,Tradate
45.711363,8.894682,IT*ENX*E24BZ0928A*1,Tradate
45.812505,8.920981,IT*BEC*EE005893*1,Solbiate con Cagno
45.625105,9.027547,IT*BEC*EE000332*1,Saronno
45.754759,8.560552,IT*ENX*EC6E06BCC22AKJLMLBZ*2,Arona
45.589986,9.067076,IT*A2A*E12229026200001*1,Cesate
45.589986,9.067076,IT*A2A*E12229026200001*3,Cesate
45.59223,8.911074,IT*ENX*E20XP22T3KK4AL01018*2,Legnano
45.589986,9.067076,IT*A2A*E12229026200001*2,Cesate
45.709482,8.633396,IT*ENX*E19XP22T3KK4AD00366*2,Castelletto sopra Ticino
45.592902,8.647242,IT*ENX*E20XM32T7KK3AR00059*3,Oleggio
45.753499,8.543163,IT*BEC*EH000172*1,Arona
45.705707,8.805515,IT*A2C*E12248019070013*1,Jerago con Orago
45.839556,8.76626,IT*A2C*EEC05A0092200008*1,Luvinate
45.705707,8.805515,IT*A2C*E12248019070013*2,Jerago con Orago
45.615626,9.0806,IT*BEC*EE002163*1,Solaro
45.720303,8.613039,IT*BEC*EE002599*2,Castelletto sopra Ticino
45.781889,8.752306,IT*ENX*E18XP22T5HK4AH00204*2,Bodio Lomnago
45.760001,8.55859,IT*ENX*E18DP22T3KK4U000127*1,Arona
45.61109,9.035546,IT*ENX*ESN2403122405*2,Saronno
45.555905,8.772886,IT*BEC*EE001600*2,Castano Primo
45.615626,9.0806,IT*BEC*EE002163*2,Solaro
45.829108,8.6716,IT*ENX*E21XP22T3KK4AK372RJ*2,Bardello con Malgesso e Bregano
46.038067,8.707634,IT*BEC*EE005718*2,Cannobio
45.608716,8.896729,IT*ENX*E21XP22T3KKJAK00066*2,Castellanza
45.722962,8.810327,IT*ENX*E19XP22T3KK1AL00340*1,Solbiate Arno
45.814417,8.810149,IT*A2A*E12320009780026*2,Varese
45.700313,8.913709,IT*BEC*EH000246*1,Tradate
45.789577,8.93255,IT*BEC*EH000784*2,Solbiate con Cagno
45.615251,8.880374,IT*BEC*EH000359*2,Castellanza
45.907621,8.908572,IT*ENX*E20XP22T3KK1AL00409*1,Porto Ceresio
45.837034,8.841564,IT*ENX*E18XM32T7CB4W000007*2,Induno Olona
45.837034,8.841564,IT*ENX*E18XM32T7CB4W000007*1,Induno Olona
45.793889,8.754806,IT*ENX*E19XM32T7CB3W000189*1,Bodio Lomnago
45.793889,8.754806,IT*ENX*E19XM32T7CB3W000189*2,Bodio Lomnago
45.601441,8.63799,IT*ENX*E19XP22T5HK1AL00035*1,Oleggio
45.859261,8.688314,IT*BEC*EE002530*1,Cocquio-Trevisago
45.7815,8.69531,IT*BEC*EE006771*2,Ternate
45.789395,8.540132,IT*BEC*EH000347*1,Meina
45.789395,8.540132,IT*BEC*EH000347*3,Meina
45.625254,8.876394,IT*ENX*E18XP22T5LB4U000086*2,Olgiate Olona
45.59075,8.899909,IT*BEC*EH000085*1,Legnano
45.95105,8.54835,IT*ENX*E20XP22T3KK4AL00634*2,Verbania
45.613326,8.908999,IT*ENX*E18XP22T3KK4AH00300*2,Castellanza
45.589453,8.851466,IT*A2A*EI2223000191*3,Busto Arsizio
45.61357,8.747961,IT*ENX*E23BZ9664A*2,Ferno
45.598462,8.795926,IT*ENX*E21XP22T5HK4AK00012*2,Vanzaghello
45.620762,8.851597,IT*A2A*ESN1900442*3,Busto Arsizio
45.610137,8.875514,IT*BEC*EE000006*2,Busto Arsizio
45.815193,8.81162,IT*BEC*EE001021*1,Varese
45.617332,9.079131,IT*BEC*EE004715*1,Solaro
45.793889,8.754806,IT*ENX*E19XM32T7CB3W000189*3,Bodio Lomnago
45.668269,8.704963,IT*ENX*E19XP22T3KK1AT00092*1,Somma Lombardo
45.820781,8.821616,IT*ENX*E19XP22T3KK4AH00439*1,Varese
45.6275735,8.7008652,IT*EMO*E2055*1,Vizzola Ticino
45.6275735,8.7008652,IT*EMO*E2057*1,Vizzola Ticino
45.704145,8.901292,IT*BEC*EE000166*2,Tradate
45.780575,8.918131,IT*ENX*E23BZ9657A*1,Binago
45.717157,8.861287,IT*BEC*EE006574*2,Castelseprio
45.795706,8.879038,IT*ENX*E17ZP22T5AB1U000067*1,Malnate
45.6275735,8.7008652,IT*EMO*E2052*1,Vizzola Ticino
45.943437,8.471276,IT*ENX*E20XM32T8KK4AR00043*3,Verbania
45.578964,8.788021,IT*ENX*E20XP22T5HK4AL00165*2,Vanzaghello
45.780575,8.918131,IT*ENX*E23BZ9657A*2,Binago
45.929706,8.569061,IT*ENX*E20XP22T3KK4AL00609*1,Verbania
45.82913,8.67171,IT*ENX*ESN2403141139*1,Bardello con Malgesso e Bregano
45.730086,8.731789,IT*BEC*EH000785*3,Vergiate
45.562977,9.029106,IT*ENX*E21XP22T3KKJAK00704*2,Lainate
45.781889,8.752306,IT*ENX*E18XP22T5HK4AH00204*1,Bodio Lomnago
45.815593,8.832649,IT*ENX*E21XK11M1J03BF00236*1,Varese
45.610191,8.906986,IT*BEC*EE000268*1,Castellanza
45.795464,8.842593,IT*ENX*E20XM32T7KK4AR00128*3,Varese
45.821789,8.712112,IT*BEC*EE003696*2,Biandronno
45.943437,8.471276,IT*ENX*E20XM32T8KK4AR00043*1,Verbania
45.564703,9.046095,IT*EWI*EEW011003*2,Lainate
45.598462,8.795926,IT*ENX*E21XP22T5HK4AK00012*1,Vanzaghello
45.698451,8.658172,IT*BEC*EE006203*2,Golasecca
45.599272,8.898828,IT*ENX*E24BZ1306A*1,Legnano
45.815175,8.811671,IT*BEC*EE001019*1,Varese
45.765851,8.553434,IT*DUF*E000182*1,Arona
45.815622,8.832642,IT*ENX*E21XK11M1J03BF00235*1,Varese
45.884153,8.541274,IT*ENX*E23BZ6102A*1,Stresa
45.703227,8.874031,IT*ENX*E22XP22T5PQ1AN00025*2,Lonate Ceppino
45.721208,8.890474,IT*BEC*EE002330*1,Tradate
45.943437,8.471276,IT*ENX*E20XM32T8KK4AR00043*2,Verbania
45.703227,8.874031,IT*ENX*E22XP22T5PQ1AN00025*1,Lonate Ceppino
45.60458,8.845904,IT*ENX*E19XP22T3KK4AH00117*1,Busto Arsizio
45.7537,8.8685,IT*ENX*E18DP22T3KK4U000428*1,Castiglione Olona
45.821067,8.829039,IT*A2C*E12225019060027*2,Varese
45.884153,8.541274,IT*ENX*E23BZ6102A*2,Stresa
45.720807,8.898972,IT*ENX*E23BZ6085A*2,Tradate
45.562977,9.029106,IT*ENX*E21XP22T3KKJAK00704*1,Lainate
45.73679,8.897091,IT*ENX*E23BZ4021A*2,Venegono Inferiore
45.552617,8.76698,IT*ENX*E20XP22T5HK1AL00017*2,Castano Primo
45.6906128,8.8210787,IT*IPE*E170002652*1,Oggiona con Santo Stefano
45.61311,9.00733,IT*BEC*EE007607*2,Uboldo
45.60458,8.845904,IT*ENX*E19XP22T3KK4AH00117*2,Busto Arsizio
45.666486,8.795239,IT*EMO*E2079*3,Gallarate
45.735589,8.987483,IT*ENX*E20XP22T3KK4AL00324*1,Appiano Gentile
45.665129,8.628487,IT*BEC*EE002634*1,Varallo Pombia
45.600961,9.079393,IT*A2A*EI2227000325*2,Cesate
45.629567,9.042602,IT*BEC*EE000219*2,Saronno
45.610151,8.875577,IT*BEC*EE000007*1,Busto Arsizio
45.610151,8.875577,IT*BEC*EE000007*2,Busto Arsizio
45.612308,8.896139,IT*ENX*E18XP22T3BB5U000413*1,Castellanza
45.709963,8.901614,IT*BEC*EE002331*1,Tradate
45.672363,8.616921,IT*BEC*EE002637*2,Varallo Pombia
45.544068,8.975709,IT*BEC*EH001676*1,Nerviano
45.794398,8.801786,IT*A2C*E12248019070018*1,Varese
45.60458,8.84596,IT*ENX*E18XP22T5AB5U000109*1,Busto Arsizio
45.903231,8.905608,IT*BEC*EE005884*1,Porto Ceresio
45.637377,8.900325,IT*ENX*E19XP22T3KK1AT00089*2,Gorla Minore
45.610869,8.902841,IT*ENX*E18XP22T3KK1AG00025*2,Castellanza
45.592902,8.647242,IT*ENX*E20XM32T7KK3AR00059*1,Oleggio
45.734581,8.748461,IT*ENX*ESN2312240074*2,Mornago
45.710881,8.907195,IT*BEC*EE002333*1,Tradate
45.572187,8.644793,IT*ENX*E19XP22T3KK1AT00037*1,Bellinzago Novarese
45.572187,8.644793,IT*ENX*E19XP22T3KK1AT00037*2,Bellinzago Novarese
45.61311,9.00733,IT*BEC*EH001857*2,Uboldo
45.588842,8.922981,IT*ENX*E22BZ2214A*3,Legnano
45.554654,8.969508,IT*ENX*E22BZ4050A*1,Nerviano
45.637377,8.900325,IT*ENX*E19XP22T3KK1AT00089*1,Gorla Minore
45.808685,8.844611,IT*ENX*E19XP22T3KK4AH00331*2,Varese
45.669956,8.870294,IT*ENX*E20XP22T3KK1AL00023*1,Fagnano Olona
46.040504,8.740764,IT*ENX*E20XP22T3KK1AL00751*1,Maccagno con Pino e Veddasca
45.6524037,9.05,IT*GCE*EDCEC1TCUQUV1,Rovello Porro
45.554576,8.640452,IT*ENX*E19XP22T3KK4AS00059*2,Bellinzago Novarese
45.72018,8.61315,IT*BEC*EE002600*1,Castelletto sopra Ticino
45.760083,8.875639,IT*ENX*E18XP22T5HK4U000037*1,Castiglione Olona
45.760083,8.875639,IT*ENX*E18XP22T5HK4U000037*2,Castiglione Olona
46.101583,8.740508,IT*A2C*EI2230000411*1,Maccagno con Pino e Veddasca
45.578124,8.806176,IT*ENX*E18XP22T5LB4U000128*1,Magnago
45.837034,8.841564,IT*ENX*E18XM32T7CB4W000007*3,Induno Olona
45.708208,8.884761,IT*ENX*E24BZ4966A*1,Lonate Ceppino
46.101583,8.740508,IT*A2C*EI2230000411*2,Maccagno con Pino e Veddasca
45.714426,8.915243,IT*ENX*E23BZ6068A*1,Tradate
45.627369,9.032205,IT*BEC*EE000359*2,Saronno
45.549482,8.992707,IT*BEC*EH002077*1,Nerviano
45.628363,9.026716,IT*BEC*EE000532*2,Saronno
45.59075,8.899909,IT*BEC*EH000085*2,Legnano
45.550087,8.989439,IT*ENX*E24BZ0946A*1,Nerviano
45.579751,9.08111,IT*BEC*EE001462*1,Garbagnate Milanese
45.566572,8.987408,IT*BEC*EH001678*3,Nerviano
45.815351,8.835168,IT*ENX*E19XP22T3KK4AH00444*1,Varese
45.762382,8.939173,IT*BEC*EE005091*1,Castelnuovo Bozzente
45.714426,8.915243,IT*ENX*E23BZ6068A*2,Tradate
45.762382,8.939173,IT*BEC*EE005091*2,Castelnuovo Bozzente
45.801617,8.835124,IT*BEC*EE005495*1,Varese
45.615626,9.080659,IT*BEC*EE002155*1,Solaro
45.757916,8.86662,IT*ENX*E18XP22T3BB4U000413*1,Castiglione Olona
46.017831,8.785989,IT*BEC*EH000318*3,Dumenza
45.707199,8.62895,IT*BEC*EE000357*2,Castelletto sopra Ticino
45.570164,8.639467,IT*ENX*E19XP22T3KK1AT00038*1,Bellinzago Novarese
45.7225,8.6966,IT*ENX*E21XP22T5HK4AM00097*1,Vergiate
45.62571,8.907087,IT*ENX*E23XP22T3KKJCK00303*1,Marnate
45.566316,8.645551,IT*ENX*E19XP22T3KK1AT00039*2,Bellinzago Novarese
45.554576,8.640452,IT*ENX*E19XP22T3KK4AS00059*1,Bellinzago Novarese
45.577553,8.818443,IT*ENX*E18XP22T3BB4U000207*2,Magnago
45.722962,8.810327,IT*ENX*E19XP22T3KK1AL00340*2,Solbiate Arno
45.597098,9.057732,IT*ENX*E19XM32T7GB3W000016*2,Caronno Pertusella
45.597098,9.057732,IT*ENX*E19XM32T7GB3W000016*3,Caronno Pertusella
45.597098,9.057732,IT*ENX*E19XM32T7GB3W000016*1,Caronno Pertusella
45.647573,9.051228,IT*ENX*E18XP22T3BB5U000479*2,Rovello Porro
45.686876,8.807066,IT*ENX*E22XP22T3QQ1AN00727*2,Cavaria con Premezzo
45.650463,8.807768,IT*BEC*EH000154*3,Gallarate
45.8069376,8.7882416,IT*EMOE1506,Varese
45.56469,9.046186,IT*EWI*EEW011001*1,Lainate
45.691977,8.905633,IT*BEC*EE002332*1,Tradate
45.599369,8.63323,IT*ENX*E22XP22T3QQ1AN00368*1,Oleggio
45.715366,8.641079,IT*BEC*EE004498*2,Castelletto sopra Ticino
45.87547,8.632656,IT*BEC*EE007018*1,Sangiano
45.721385,8.601882,IT*ENX*E19XP22T3KK1AL00022*2,Castelletto sopra Ticino
45.925291,8.546724,IT*ENX*E20XP22T3KK4AL00614*1,Verbania
45.827778,8.669166,IT*ENX*E19XP22T3KK1AL00108*2,Bardello con Malgesso e Bregano
45.680662,8.987054,IT*BEC*EE001682*1,Limido Comasco
45.645324,9.083023,IT*BEC*EE001140*2,Cogliate
45.927175,8.56304,IT*ENX*E20XP22T3KK4AL00615*2,Verbania
45.945055,8.833902,IT*BEC*EE004568*1,Marchirolo
45.550269,8.779096,IT*ENX*E20XP22T5HK4AL00096*1,Castano Primo
45.62836,9.026623,IT*BEC*EE000533*2,Saronno
46.017831,8.785989,IT*BEC*EH000318*1,Dumenza
45.721208,8.890474,IT*BEC*EE002330*2,Tradate
46.064333,8.698396,IT*ENX*E19XP22T3KK4AD00446*1,Cannobio
45.654729,8.798966,IT*EMO*E2085*1,Gallarate
45.839917,8.841111,IT*ENX*E19XP22T5HK4AH00067*2,Induno Olona
45.774656,8.703401,IT*BEC*EE001024*2,Varano Borghi
45.60458,8.84596,IT*ENX*E18XP22T5AB5U000109*2,Busto Arsizio
45.665129,8.628487,IT*BEC*EE002634*2,Varallo Pombia
45.75473,8.560576,IT*ENX*E20XP22T5HK4AL00088*1,Arona
45.615743,9.067964,IT*BEC*EH000268*2,Solaro
45.953957,8.545007,IT*ENX*E20XP22T3KK4AL00618*1,Verbania
45.665082,8.628482,IT*BEC*EE002636*1,Varallo Pombia
45.655471,9.018648,IT*ENX*E18XP22T3BB5U000414*2,Turate
46.067591,8.698077,IT*ENX*E18XP22T3KK4AH00269*1,Cannobio
45.615251,8.880374,IT*BEC*EH000359*3,Castellanza
45.721031,8.617393,IT*EMOE1197,Castelletto sopra Ticino
45.723906,8.6103,IT*EMOE1189,Castelletto sopra Ticino
45.731058,8.577972,IT*EMOE1230,Dormelletto
46.019893,8.681131,IT*ENX*E20XP22T3KK4AL00613*2,Cannero Riviera
45.875324,8.544963,IT*ENX*E19XM32T7GB3W000033*3,Stresa
45.875324,8.544963,IT*ENX*E19XM32T7GB3W000033*2,Stresa
45.875324,8.544963,IT*ENX*E19XM32T7GB3W000033*1,Stresa
45.6275735,8.7008652,IT*EMO*E2043*1,Vizzola Ticino
45.599369,8.63323,IT*ENX*E22XP22T3QQ1AN00368*2,Oleggio
45.731418,8.981579,IT*ENX*E18XP22T3KK4AH00154*2,Appiano Gentile
45.6275735,8.7008652,IT*EMO*E2050*1,Vizzola Ticino
45.6275735,8.7008652,IT*EMO*E2059*1,Vizzola Ticino
45.6275735,8.7008652,IT*EMO*E2062*1,Vizzola Ticino
45.6275735,8.7008652,IT*EMO*E2053*1,Vizzola Ticino
45.615626,9.080659,IT*BEC*EE002155*2,Solaro
45.612918,9.045474,IT*BEC*EE005216*1,Saronno
45.816889,8.805581,IT*EWI*EEW024501*2,Varese
45.892733,8.668247,IT*A2C*ESN2000041*3,Cittiglio
45.65948,8.797686,IT*ENX*E21XP22T3KKJAK00128*2,Gallarate
45.61311,9.00733,IT*BEC*EH001857*1,Uboldo
45.666486,8.795239,IT*EMO*E2079*1,Gallarate
45.905055,8.897928,IT*ENX*E19XP22T3KK4AD00089*1,Porto Ceresio
45.581282,9.06114,IT*BEC*EE005274*1,Garbagnate Milanese
46.019893,8.681131,IT*ENX*E20XP22T3KK4AL00613*1,Cannero Riviera
45.68649,8.821169,IT*ENX*E20XM32T7KK3AR00013*2,Cassano Magnago
45.844434,8.66764,IT*ENX*E18XP22T5AB5U000398*2,Besozzo
45.844434,8.66764,IT*ENX*E18XP22T5AB5U000398*1,Besozzo
45.815193,8.81162,IT*BEC*EE001021*2,Varese
45.61295,9.045458,IT*BEC*EE000391*1,Saronno
45.692439,8.802504,IT*EWI*EEW0156S1*1,Cavaria con Premezzo
45.694712,8.932507,IT*ENX*E24BZ4961A*2,Locate Varesino
45.694712,8.932507,IT*ENX*E24BZ4961A*1,Locate Varesino
45.594176,8.919911,IT*ENX*E22BZ3295A*1,Legnano
45.7815,8.69531,IT*BEC*EE006771*1,Ternate
45.550087,8.989439,IT*ENX*E24BZ0946A*2,Nerviano
45.925291,8.546724,IT*ENX*E20XP22T3KK4AL00614*2,Verbania
45.764901,8.614985,IT*ENX*E18DP22T3KK4U000408*2,Taino
45.5993,9.0201,IT*ENX*E18XP22T3BB4U000129*2,Origgio
45.55676,8.97912,IT*ENX*E20XP22T3KK4AL00912*2,Nerviano
45.594167,8.639444,IT*ENX*E18XP22T5AB1U000009*2,Oleggio
45.594167,8.639444,IT*ENX*E18XP22T5AB1U000009*1,Oleggio
45.72164,8.694424,IT*ENX*E19XP22T5HK4AH00172*2,Vergiate
45.658092,9.003172,IT*ENX*E18XP22T3BB5U000422*1,Turate
45.729249,8.88752,IT*ENX*E19XM32T7CB3W000205*1,Venegono Inferiore
45.75414,8.729774,IT*BEC*EE004494*1,Casale Litta
45.69374,8.820043,IT*ENX*E19XP22T3KK4AH00131*2,Oggiona con Santo Stefano
45.625186,9.046159,IT*BEC*EE000012*2,Saronno
45.928058,8.555424,IT*BEC*EH000446*1,Verbania
45.544388,8.779145,IT*ENX*E20XM32T7KK4AR00124*1,Castano Primo
45.615673,9.067791,IT*BEC*EH000751*1,Solaro
45.625816,8.919455,IT*ENX*E18XP22T5LB4U000334*2,Marnate
45.795696,8.569044,IT*ENX*E22BZ4071A*1,Ranco
45.6275735,8.7008652,IT*EMO*E2046*1,Vizzola Ticino
45.72459,8.602625,IT*BEC*EE002170*1,Castelletto sopra Ticino
45.864685,8.933186,IT*BEC*EE006704*1,Clivio
45.806429,8.860574,IT*ENX*E24BZ3747A*1,Varese
45.650463,8.807768,IT*BEC*EH000154*2,Gallarate
45.827778,8.669166,IT*ENX*E19XP22T3KK1AL00107*2,Bardello con Malgesso e Bregano
45.555129,8.975907,IT*ENX*E23XP22T3KK4AK472RJ*1,Nerviano
45.707933,8.819999,IT*ENX*E18XP22T3BB5U000262*1,Oggiona con Santo Stefano
45.6449,8.9973,IT*ENX*E18XP22T3KK4AH00219*1,Gerenzano
45.647156,8.88747,IT*PWY*EC0009*03*02,Solbiate Olona
45.607295,8.927431,IT*ENX*E19XM32T7KK4AR00015*2,Legnano
45.556612,8.772579,IT*ENX*E19XP22T3KK4AD00173*2,Castano Primo
45.795793,8.726218,IT*BEC*EE004228*1,Cazzago Brabbia
45.581282,9.06114,IT*BEC*EE005274*2,Garbagnate Milanese
45.588842,8.922981,IT*ENX*E22BZ2214A*2,Legnano
45.715584,8.860736,IT*BEC*EH001137*2,Castelseprio
45.782534,8.591429,IT*ENX*E21XM32T7KK3AR00069*3,Angera
45.782534,8.591429,IT*ENX*E21XM32T7KK3AR00069*1,Angera
45.782534,8.591429,IT*ENX*E21XM32T7KK3AR00069*2,Angera
45.952249,8.673765,IT*ENX*E23XK11T2J03BF00541*1,Castelveccana
45.755448,8.900332,IT*ENX*E20XP22T5HK1AL00066*2,Venegono Superiore
45.802606,8.879502,IT*ENX*E20XP22T3KK1AL00630*2,Malnate
45.668165,8.704857,IT*ENX*E19XP22T3KK1AT00090*2,Somma Lombardo
45.801628,8.835267,IT*BEC*EW000024*2,Varese
45.644084,8.817669,IT*BEC*EE002463*1,Gallarate
46.021573,8.682488,IT*ENX*E20XM32T7KK4AR00138*3,Cannero Riviera
45.7099078,8.9013992,IT*IPE*E170002654*3,Tradate
45.60126,9.04342,IT*ENX*E19XP22T3KK4AZ00486*2,Caronno Pertusella
45.546381,8.975474,IT*ENX*E20XP22T3KK4AL00981*2,Nerviano
45.774656,8.703401,IT*BEC*EE001024*1,Varano Borghi
45.564703,9.046095,IT*EWI*EEW011003*1,Lainate
45.644139,8.817591,IT*BEC*EH000075*1,Gallarate
45.809702,8.621414,IT*ENX*E20XP22T5HK4AL00171*1,Ispra
45.588842,8.922981,IT*ENX*E22BZ2214A*1,Legnano
45.577222,8.793056,IT*ENX*E21XP22T5HK4AM00114*2,Magnago
45.740599,8.830536,IT*ENX*E19XP22T3KK4AZ00555*1,Caronno Varesino
45.721333,8.889094,IT*ENX*E23BZ6084A*2,Tradate
45.7099078,8.9013992,IT*IPE*E170002454*1,Tradate
45.7099078,8.9013992,IT*IPE*E170002654*2,Tradate
45.7433,8.983251,IT*ENX*E18XP22T3KK4AH00151*1,Appiano Gentile
45.7099078,8.9013992,IT*IPE*E170002654*1,Tradate
45.57978,9.081071,IT*BEC*EE001461*1,Garbagnate Milanese
45.748995,8.900865,IT*ENX*E19XP22T5HK4AH00185*1,Venegono Superiore
45.699992,8.925355,IT*BEC*EE005527*1,Tradate
45.790945,8.889037,IT*PWY*EC0111*01*02,Malnate
45.790945,8.889037,IT*PWY*EC0111*01*01,Malnate
45.61588,9.064764,IT*FWY*E000079*2,Solaro
45.577553,8.818443,IT*ENX*E18XP22T3BB4U000207*1,Magnago
45.754759,8.560552,IT*ENX*EC6E06BCC22AKJLMLBZ*1,Arona
45.7225,8.6966,IT*ENX*E21XP22T5HK4AM00097*2,Vergiate
45.7433,8.983251,IT*ENX*E18XP22T3KK4AH00151*2,Appiano Gentile
45.990807,8.747367,IT*ENX*E19XP22T5HK4AH00131*2,Luino
46.017831,8.785989,IT*BEC*EH000318*2,Dumenza
46.020817,8.682035,IT*ASM*E100201638*2,Cannero Riviera
45.788889,8.849278,IT*DUF*E000097*2,Varese
45.65948,8.797686,IT*ENX*E21XP22T3KKJAK00128*1,Gallarate
45.813295,8.618841,IT*PWY*EC0119*01*02,Ispra
45.813295,8.618841,IT*PWY*EC0119*01*01,Ispra
45.788889,8.849278,IT*DUF*E000097*1,Varese
45.771812,8.673725,IT*BEC*EE003702*1,Comabbio
45.874935,8.620546,IT*BEC*EE003433*2,Leggiuno
45.596171,8.632082,IT*ENX*E22XP22T3QQ1AN00969*1,Oleggio
45.927175,8.56304,IT*ENX*E20XP22T3KK4AL00615*1,Verbania
45.996748,8.742437,IT*PWY*EC0120*01*02,Luino
45.737048,8.746586,IT*PWY*EC0148*01*02,Mornago
45.5922,9.0085,IT*ENX*E18XP22T5LB4U000142*1,Origgio
45.62571,8.907087,IT*ENX*E23XP22T3KKJCK00303*2,Marnate
45.625158,9.02645,IT*BEC*EH000171*1,Saronno
45.577254,8.792954,IT*ENX*E19XP22T3KK4AH00126*2,Magnago
45.6158056,8.9571136,IT*UFC*500004*2,Rescaldina
45.6158056,8.9571136,IT*UFC*500004*1,Rescaldina
45.625158,9.02645,IT*BEC*EH000171*3,Saronno
45.762983,8.809624,IT*F2X*EF2XITH3101*2,Castronno
45.691977,8.905633,IT*BEC*EE002332*2,Tradate
45.762915,8.809618,IT*F2X*EF2XITH3102*2,Castronno
45.996748,8.742437,IT*PWY*EC0120*01*01,Luino
45.55905,9.04233,IT*F2X*EF2XITH1051*3,Lainate
45.820781,8.821616,IT*ENX*E19XP22T3KK4AH00439*2,Varese
45.784943,8.926329,IT*ENX*E23BZ9629A*2,Binago
45.6158056,8.9571136,IT*UFC*500003*2,Rescaldina
45.75414,8.729774,IT*BEC*EE004494*2,Casale Litta
45.816876,8.825926,IT*ENX*E19XP22T5HK4AH00022*1,Varese
45.737048,8.746586,IT*PWY*EC0148*01*01,Mornago
45.712639,8.908441,IT*BEC*EH000240*3,Tradate
45.592902,8.647242,IT*ENX*E20XM32T7KK3AR00059*2,Oleggio
45.61328,8.93718,IT*VCC*EVCIT*0000345*2,Legnano
45.783038,8.90943,IT*ENX*E23BZ9662A*1,Binago
45.7815,8.69531,IT*BEC*EE006772*2,Ternate
45.629567,9.042602,IT*BEC*EE000219*1,Saronno
45.550259,8.977532,IT*ENX*ESN2403141263*1,Nerviano
45.998893,8.742582,IT*BEC*EE004410*2,Luino
45.827778,8.669166,IT*ENX*E19XP22T3KK1AL00108*1,Bardello con Malgesso e Bregano
45.760178,8.558873,IT*ENX*E18XP22T5LB4U000099*2,Arona
45.5772,9.0248,IT*BEC*EE005818*2,Lainate
45.734581,8.748461,IT*ENX*ESN2312240074*1,Mornago
45.731261,8.62647,IT*ENX*ESN2403141135*2,Sesto Calende
45.59223,8.911074,IT*ENX*E20XP22T3KK4AL01018*1,Legnano
45.929706,8.569061,IT*ENX*E20XP22T3KK4AL00609*2,Verbania
45.546381,8.975474,IT*ENX*E20XP22T3KK4AL00981*1,Nerviano
45.625186,9.046159,IT*BEC*EE000012*1,Saronno
45.722971,8.810344,IT*ENX*E22XP22T5HKJAL00002*2,Solbiate Arno
45.736322,8.831265,IT*ENX*E19XP22T3KK4AZ00861*2,Caronno Varesino
45.782763,8.504043,IT*BEC*EE004592*1,Meina
45.666486,8.795239,IT*EMO*E2079*2,Gallarate
45.731058,8.577972,IT*EMOE1231,Dormelletto
45.584137,8.899839,IT*ENX*E20XP22T3KK4AL01077*1,Legnano
45.883931,8.71034,IT*BEC*EE003445*2,Azzio
45.628363,9.026716,IT*BEC*EE000532*1,Saronno
45.803111,8.783306,IT*ENX*E19XP22T3KK4AH00443*2,Varese
45.665082,8.628482,IT*BEC*EE002636*2,Varallo Pombia
45.60302,8.84997,IT*VCC*EVCIT*0000344*2,Busto Arsizio
45.859261,8.688314,IT*BEC*EE002530*2,Cocquio-Trevisago
45.803849,8.630196,IT*ENX*E19XP22T5HK1AL00103*2,Cadrezzate con Osmate
46.020817,8.682035,IT*ASM*E100201638*1,Cannero Riviera
45.61294,9.04176,IT*VCC*EVCIT*0000346*2,Saronno
45.615743,9.067964,IT*BEC*EH000268*3,Solaro
45.782155,8.926392,IT*ENX*ESN2312230318*1,Binago
45.629589,9.042546,IT*BEC*EE000220*2,Saronno
45.710881,8.907195,IT*BEC*EE002333*2,Tradate
45.60126,9.04342,IT*ENX*E19XP22T3KK4AZ00486*1,Caronno Pertusella
45.579751,9.08111,IT*BEC*EE001462*2,Garbagnate Milanese
45.548408,8.981501,IT*ENX*E22BZ3960A*2,Nerviano
45.695306,8.701243,IT*FWY*E000076*1,Somma Lombardo
45.721385,8.601882,IT*ENX*E19XP22T3KK1AL00022*1,Castelletto sopra Ticino
45.596171,8.632082,IT*ENX*E22XP22T3QQ1AN00969*2,Oleggio
45.724032,8.58232,IT*BEC*EW000039*1,Dormelletto
45.56469,9.046186,IT*EWI*EEW011001*2,Lainate
45.717157,8.861287,IT*BEC*EE006574*1,Castelseprio
45.564677,9.046105,IT*ENX*E19XM32T7GB3W000072*3,Lainate
45.564677,9.046105,IT*ENX*E19XM32T7GB3W000072*1,Lainate
45.822596,8.896161,IT*ENX*E18XP22T3BB5U000265*2,Cantello
45.617332,9.079131,IT*BEC*EE004715*2,Solaro
45.695326,8.805504,IT*ENX*E22BZ3958A*3,Cavaria con Premezzo
45.612918,9.045474,IT*BEC*EE005216*2,Saronno
45.644139,8.817591,IT*BEC*EH000075*3,Gallarate
45.607295,8.927431,IT*ENX*E19XM32T7KK4AR00015*1,Legnano
45.6374,9.0018,IT*ENX*E21XP22T3KK4AK00164*2,Gerenzano
45.548408,8.981501,IT*ENX*E22BZ3960A*1,Nerviano
45.611429,8.961311,IT*EWI*EEW0066S1*1,Rescaldina
45.544388,8.779145,IT*ENX*E20XM32T7KK4AR00124*3,Castano Primo
45.651788,8.7855,IT*ENX*E19XP22T3KK4AD00019*2,Gallarate
45.824776,8.902851,IT*ENX*E18XP22T3BB5U000263*1,Cantello
45.803849,8.630196,IT*ENX*E19XP22T5HK1AL00103*1,Cadrezzate con Osmate
45.576055,8.810655,IT*ENX*E18XP22T5LB4U000141*1,Magnago
45.708208,8.884761,IT*ENX*E24BZ4966A*2,Lonate Ceppino
45.798223,8.84242,IT*ENX*E18XP22T5AB5U000399*1,Varese
45.798223,8.84242,IT*ENX*E18XP22T5AB5U000399*2,Varese
45.637706,8.907308,IT*ENX*E18DP22T5HK4U000102*1,Gorla Minore
45.71297,8.643349,IT*ENX*E20XM32T7KK4AR00017*1,Castelletto sopra Ticino
45.612308,8.896139,IT*ENX*E18XP22T3BB5U000413*2,Castellanza
45.732006,8.986647,IT*ENX*E21XP22T5HK4AK00686*2,Appiano Gentile
45.680618,8.98709,IT*BEC*EE001683*1,Limido Comasco
45.658092,9.003172,IT*ENX*E18XP22T3BB5U000422*2,Turate
45.550269,8.779096,IT*ENX*E20XP22T5HK4AL00096*2,Castano Primo
45.789623,8.874088,IT*ENX*E18XP22T3BB4U000004*2,Malnate
45.789623,8.874088,IT*ENX*E18XP22T3BB4U000004*1,Malnate
46.03304,8.773506,IT*BEC*EE003748*2,Agra
45.765851,8.553434,IT*DUF*E000182*2,Arona
45.700313,8.913709,IT*BEC*EH000246*3,Tradate
45.72401,8.582352,IT*BEC*EE000386*1,Dormelletto
45.72401,8.582352,IT*BEC*EE000386*2,Dormelletto
45.549482,8.992707,IT*BEC*EH002077*3,Nerviano
45.720807,8.898972,IT*ENX*E23BZ6085A*1,Tradate
45.652087,8.878305,IT*BEC*EE004103*2,Solbiate Olona
45.82913,8.67171,IT*ENX*ESN2403141139*2,Bardello con Malgesso e Bregano
45.68649,8.821169,IT*ENX*E20XM32T7KK3AR00013*3,Cassano Magnago
45.801617,8.835124,IT*BEC*EE005495*2,Varese
45.578131,8.786763,IT*ENX*E21XP22T3KKJAL00094*2,Vanzaghello
45.670786,8.739467,IT*ENX*E19XP22T3KK4AD00127*2,Casorate Sempione
45.6275735,8.7008652,IT*EMO*E2047*1,Vizzola Ticino
45.598562,8.795926,IT*ENX*E19XP22T3KK4AZ00656*1,Vanzaghello
45.598562,8.795926,IT*ENX*E19XP22T3KK4AZ00656*2,Vanzaghello
45.61295,9.045458,IT*BEC*EE000391*2,Saronno
45.610082,8.906833,IT*BEC*EE000270*1,Castellanza
45.554508,8.640076,IT*ENX*E19XP22T3KK1AL00053*2,Bellinzago Novarese
45.7542,8.8724,IT*ENX*E20XP22T5HK4AL00068*1,Castiglione Olona
45.7542,8.8724,IT*ENX*E20XP22T5HK4AL00068*2,Castiglione Olona
45.71297,8.643349,IT*ENX*E20XM32T7KK4AR00017*2,Castelletto sopra Ticino
45.823565,8.687332,IT*ENX*E19XP22T3KK4AD00104*1,Bardello con Malgesso e Bregano
45.772914,8.885847,IT*ENX*E18XM32T7CB4W000006*2,Vedano Olona
45.544068,8.975709,IT*BEC*EH001676*3,Nerviano
45.903231,8.905608,IT*BEC*EE005884*2,Porto Ceresio
45.783038,8.90943,IT*ENX*E23BZ9662A*2,Binago
45.839395,8.841594,IT*VCC*EVCC*H1079*2,Induno Olona
45.880011,8.671814,IT*BEC*EE006121*1,Gemonio
45.928058,8.555424,IT*BEC*EH000446*2,Verbania
45.680618,8.98709,IT*BEC*EE001683*2,Limido Comasco
45.5771,9.0247,IT*BEC*EH000746*2,Lainate
45.821489,8.825515,IT*ENX*E18XP22T3BB4U000406*1,Varese
45.632924,8.889128,IT*ENX*E19XP22T5HK1AL00159*2,Olgiate Olona
45.859241,8.688369,IT*BEC*EE002529*1,Cocquio-Trevisago
45.821489,8.825515,IT*ENX*E18XP22T3BB4U000406*2,Varese
45.839917,8.841111,IT*ENX*E19XP22T5HK4AH00067*1,Induno Olona
45.60302,8.84997,IT*VCC*EVCIT*0000344*1,Busto Arsizio
45.822596,8.896161,IT*ENX*E18XP22T3BB5U000265*1,Cantello
45.632924,8.889128,IT*ENX*E19XP22T5HK1AL00159*1,Olgiate Olona
45.644519,8.900339,IT*ENX*E22XP22T3QQ1AN01067*1,Gorla Minore
45.970556,8.619444,IT*ENX*E19XP22T3KK4AH00328*1,Ghiffa
45.76665,8.767198,IT*ENX*E24BZ4298A*1,Daverio
45.686876,8.807066,IT*ENX*E22XP22T3QQ1AN00727*1,Cavaria con Premezzo
45.61357,8.747961,IT*ENX*E23BZ9664A*1,Ferno
45.880007,8.671751,IT*BEC*EE006122*1,Gemonio
45.709963,8.901614,IT*BEC*EE002331*2,Tradate
45.764901,8.614985,IT*ENX*E18DP22T3KK4U000408*1,Taino
45.762983,8.809624,IT*F2X*EF2XITH3101*1,Castronno
45.61294,9.04176,IT*VCC*EVCIT*0000346*1,Saronno
45.672316,8.616952,IT*BEC*EE002639*1,Varallo Pombia
45.672316,8.616952,IT*BEC*EE002639*2,Varallo Pombia
45.824776,8.902851,IT*ENX*E18XP22T3BB5U000263*2,Cantello
45.905055,8.897928,IT*ENX*E19XP22T3KK4AD00089*2,Porto Ceresio
45.931501,8.571309,IT*ENX*E20XM32T7KK4AR00040*1,Verbania
45.762915,8.809618,IT*F2X*EF2XITH3102*1,Castronno
45.762379,8.810866,IT*F2X*EF2XITH3001*2,Castronno
45.5993,9.0201,IT*ENX*E18XP22T3BB4U000129*1,Origgio
45.762405,8.81087,IT*F2X*EF2XITH3002*1,Castronno
45.762405,8.81087,IT*F2X*EF2XITH3002*2,Castronno
45.762379,8.810866,IT*F2X*EF2XITH3001*1,Castronno
45.692045,8.740232,IT*ENX*E19XM32T7GB3W000073*3,Arsago Seprio
45.692045,8.740232,IT*ENX*E19XM32T7GB3W000073*1,Arsago Seprio
45.692045,8.740232,IT*ENX*E19XM32T7GB3W000073*2,Arsago Seprio
45.789577,8.93255,IT*BEC*EH000784*1,Solbiate con Cagno
45.620674,8.758789,IT*ENX*ESN2312240082*1,Ferno
45.892939,8.5954,IT*BPA*EIT_BPA017_001_01*1,Laveno-Mombello
45.720303,8.613039,IT*BEC*EE002599*1,Castelletto sopra Ticino
45.613326,8.908999,IT*ENX*E18XP22T3KK4AH00300*1,Castellanza
45.559672,9.040033,IT*ENX*E19XM32T7GB3W000047*1,Lainate
45.544388,8.779145,IT*ENX*E20XM32T7KK4AR00124*2,Castano Primo
45.795706,8.879038,IT*ENX*E17ZP22T5AB1U000067*2,Malnate
45.645325,9.083085,IT*BEC*EE001141*2,Cogliate
45.603658,8.8185,IT*BEC*EE003335*1,Busto Arsizio
45.603669,8.818456,IT*BEC*EE003333*2,Busto Arsizio
45.71297,8.643349,IT*ENX*E20XM32T7KK4AR00017*3,Castelletto sopra Ticino
45.637706,8.907308,IT*ENX*E18DP22T5HK4U000102*2,Gorla Minore
45.652135,8.87829,IT*BEC*EE004124*1,Solbiate Olona
45.816876,8.825926,IT*ENX*E19XP22T5HK4AH00022*2,Varese
45.594176,8.919911,IT*ENX*E22BZ3295A*2,Legnano
46.066077,8.696106,IT*ENX*E22XP22T3QQ1AN00940*2,Cannobio
45.554508,8.640076,IT*ENX*E19XP22T3KK1AL00053*1,Bellinzago Novarese
45.812505,8.920981,IT*BEC*EE005893*2,Solbiate con Cagno
45.68649,8.821169,IT*ENX*E20XM32T7KK3AR00013*1,Cassano Magnago
45.884153,8.541274,IT*ENX*E23BZ6102A*3,Stresa
45.739835,8.859269,IT*ENX*E22XP22T3QQ1AN00364*2,Gornate Olona
45.555905,8.772886,IT*BEC*EE001600*1,Castano Primo
45.669956,8.870294,IT*ENX*E20XP22T3KK1AL00023*2,Fagnano Olona
45.829108,8.6716,IT*ENX*E21XP22T3KK4AK372RJ*1,Bardello con Malgesso e Bregano
45.883931,8.71034,IT*BEC*EE003445*1,Azzio
45.6275735,8.7008652,IT*EMO*E2045*1,Vizzola Ticino
45.610826,8.902813,IT*ENX*E18XP22T5HK4AH00223*2,Castellanza
46.040504,8.740764,IT*ENX*E20XP22T3KK1AL00751*2,Maccagno con Pino e Veddasca
45.910257,8.792179,IT*ENX*E21XP22T3KK4AK00309*1,Bedero Valcuvia
45.61987,9.10662,IT*BEC*EE002162*1,Solaro
45.668165,8.704857,IT*ENX*E19XP22T3KK1AT00090*1,Somma Lombardo
45.647541,9.051233,IT*ENX*E18XP22T3KK4U000024*2,Rovello Porro
45.647541,9.051233,IT*ENX*E18XP22T3KK4U000024*1,Rovello Porro
46.066077,8.696106,IT*ENX*E22XP22T3QQ1AN00940*1,Cannobio
45.647818,9.079311,IT*BEC*EE001044*2,Cogliate
45.578124,8.806176,IT*ENX*E18XP22T5LB4U000128*2,Magnago
45.87547,8.632656,IT*BEC*EE007018*2,Sangiano
45.699992,8.925355,IT*BEC*EE005527*2,Tradate
45.762921,8.809442,IT*F2X*EF2XITH3151*2,Castronno
45.762135,8.810747,IT*F2X*EF2XITH3051*1,Castronno
45.802606,8.879502,IT*ENX*E20XP22T3KK1AL00630*1,Malnate
45.625229,9.046163,IT*BEC*EE000011*2,Saronno
45.762921,8.809442,IT*F2X*EF2XITH3151*3,Castronno
45.6158056,8.9571136,IT*UFC*500003*1,Rescaldina
45.762135,8.810747,IT*F2X*EF2XITH3051*2,Castronno
45.61987,9.10662,IT*BEC*EE002162*2,Solaro
45.815175,8.811671,IT*BEC*EE001019*2,Varese
45.762921,8.809442,IT*F2X*EF2XITH3151*1,Castronno
45.706965,8.628905,IT*BEC*EE000358*1,Castelletto sopra Ticino
45.953957,8.545007,IT*ENX*E20XP22T3KK4AL00618*2,Verbania
45.762135,8.810747,IT*F2X*EF2XITH3051*3,Castronno
45.672363,8.616921,IT*BEC*EE002637*1,Varallo Pombia
45.580759,8.897489,IT*ENX*E21XP22T5HK4AM00088*2,Legnano
45.720095,8.602382,IT*ENX*E19XP22T5HK1AL00007*1,Castelletto sopra Ticino
45.668269,8.704963,IT*ENX*E19XP22T3KK1AT00092*2,Somma Lombardo
45.59848,8.939931,IT*BEC*EH000112*2,Legnano
45.645324,9.083023,IT*BEC*EE001140*1,Cogliate
45.644139,8.817591,IT*BEC*EH000075*2,Gallarate
45.603658,8.8185,IT*BEC*EE003335*2,Busto Arsizio
45.83304,8.800362,IT*ENX*E19XP22T3KK4AH00441*2,Varese
45.570608,8.643886,IT*ENX*E19XP22T3KK1AT00040*2,Bellinzago Novarese
45.629589,9.042546,IT*BEC*EE000220*1,Saronno
45.650463,8.807768,IT*BEC*EH000154*1,Gallarate
45.7537,8.8685,IT*ENX*E18DP22T3KK4U000428*2,Castiglione Olona
45.7815,8.69531,IT*BEC*EE006772*1,Ternate
45.868872,8.866577,IT*ENX*ESN2403141089*2,Bisuschio
45.601441,8.63799,IT*ENX*E19XP22T5HK1AL00035*2,Oleggio
45.849727,8.909019,IT*A2C*EI2231000418*2,Viggiù
45.570608,8.643886,IT*ENX*E19XP22T3KK1AT00040*1,Bellinzago Novarese
45.700313,8.913709,IT*BEC*EH000246*2,Tradate
45.724467,8.694197,IT*ENX*E21XP22T3KKJAK00239*1,Vergiate
45.549482,8.992707,IT*BEC*EH002077*2,Nerviano
45.62473,8.711995,IT*F2X*EF2XITMXPC02*1,Ferno
45.624853,8.712122,IT*F2X*EF2XITMXPC51*1,Ferno
45.624778,8.712048,IT*F2X*EF2XITMXPC03*1,Ferno
45.62473,8.711995,IT*F2X*EF2XITMXPC02*2,Ferno
45.849727,8.909019,IT*A2C*EI2231000418*1,Viggiù
45.774139,8.882111,IT*ENX*E19XP22T3KK4AH00114*1,Vedano Olona
45.774139,8.882111,IT*ENX*E19XP22T3KK4AH00114*2,Vedano Olona
45.76665,8.767198,IT*ENX*E24BZ4298A*2,Daverio
45.996949,8.73616,IT*ENX*E20XP22T3KK4AL01181*1,Luino
45.591639,8.638155,IT*BEC*EH000391*2,Oleggio
45.623912,9.037036,IT*BEC*EE000013*2,Saronno
45.580759,8.897489,IT*ENX*E19XP22T3KK4AH00066*1,Legnano
45.736841,8.87371,IT*ENX*E22XP22T3QQ1AN00379*2,Gornate Olona
45.736841,8.87371,IT*ENX*E22XP22T3QQ1AN00379*1,Gornate Olona
45.6275735,8.7008652,IT*EMO*E2048*1,Vizzola Ticino
45.723906,8.6103,IT*EMOE1188,Castelletto sopra Ticino
45.721031,8.617393,IT*EMOE1196,Castelletto sopra Ticino
45.624778,8.712048,IT*F2X*EF2XITMXPC03*2,Ferno
45.593917,8.932134,IT*ENX*E20XP22T3KK4AL00891*2,Legnano
45.624652,8.711917,IT*F2X*EF2XITMXPC01*2,Ferno
45.709005,8.908471,IT*BEC*EE005515*2,Tradate
45.624853,8.712122,IT*F2X*EF2XITMXPC51*3,Ferno
45.624652,8.711917,IT*F2X*EF2XITMXPC01*1,Ferno
45.624853,8.712122,IT*F2X*EF2XITMXPC51*2,Ferno
45.615251,8.880374,IT*BEC*EH000359*1,Castellanza
45.555129,8.975907,IT*ENX*E23XP22T3KK4AK472RJ*2,Nerviano
45.81636,8.77995,IT*ENX*E19XP22T5HK4AH00133*2,Varese
45.755415,8.54757,IT*BEC*EE003435*1,Arona
45.815134,8.761728,IT*ENX*E19XP22T3KK4AH00446*2,Varese
45.576055,8.810655,IT*ENX*E18XP22T5LB4U000141*2,Magnago
45.6275735,8.7008652,IT*EMO*E2049*1,Vizzola Ticino
45.593917,8.932134,IT*ENX*E20XP22T3KK4AL00891*1,Legnano
45.859241,8.688369,IT*BEC*EE002529*2,Cocquio-Trevisago
45.760178,8.558873,IT*ENX*E18XP22T5LB4U000099*1,Arona
45.731418,8.981579,IT*ENX*E18XP22T3KK4AH00154*1,Appiano Gentile
45.8069376,8.7882416,IT*EMOE1505,Varese
45.6531,8.811274,IT*EMOE1526,Gallarate
45.6275735,8.7008652,IT*EMO*E2044*1,Vizzola Ticino
45.6275735,8.7008652,IT*EMO*E2042*1,Vizzola Ticino
45.736322,8.831265,IT*ENX*E19XP22T3KK4AZ00861*1,Caronno Varesino
45.6275735,8.7008652,IT*EMO*E2056*1,Vizzola Ticino
45.6275735,8.7008652,IT*EMO*E2060*1,Vizzola Ticino
45.6275735,8.7008652,IT*EMO*E2061*1,Vizzola Ticino
45.6275735,8.7008652,IT*EMO*E2058*1,Vizzola Ticino
45.55868,9.03993,IT*F2X*EF2XITH1151*3,Lainate
45.75473,8.560576,IT*ENX*E20XP22T5HK4AL00088*2,Arona
45.644084,8.817669,IT*BEC*EE002463*2,Gallarate
45.724467,8.694197,IT*ENX*E21XP22T3KKJAK00239*2,Vergiate
45.880011,8.671814,IT*BEC*EE006121*2,Gemonio
45.591525,9.048308,IT*GES*EWWZ,Caronno Pertusella
45.816889,8.805581,IT*EWI*EEW024502*2,Varese
45.772914,8.885847,IT*ENX*E18XM32T7CB4W000006*1,Vedano Olona
45.599988,8.645496,IT*BEC*EH000373*1,Oleggio
45.615743,9.067964,IT*BEC*EH000268*1,Solaro
45.647818,9.079311,IT*BEC*EE001044*1,Cogliate
45.677751,8.799839,IT*EMO*E2083*1,Gallarate
45.645325,9.083085,IT*BEC*EE001141*1,Cogliate
45.808685,8.844611,IT*ENX*E19XP22T3KK4AH00331*1,Varese
45.59075,8.899909,IT*BEC*EH000085*3,Legnano
45.795464,8.842593,IT*ENX*E20XM32T7KK4AR00128*2,Varese
46.044293,8.734871,IT*ENX*E19XP22T3KK4AH00103*2,Maccagno con Pino e Veddasca
46.065222,8.691377,IT*ENX*E18XP22T3KK4AH00267*2,Cannobio
45.615286,8.880378,IT*BEC*EE004262*1,Castellanza
45.760001,8.55859,IT*ENX*E18DP22T3KK4U000127*2,Arona
45.736273,8.988505,IT*ENX*E19XP22T3KK4AZ00496*1,Appiano Gentile
45.998893,8.742582,IT*BEC*EE004410*1,Luino
45.59848,8.939931,IT*BEC*EH000112*1,Legnano
45.795464,8.842593,IT*ENX*E20XM32T7KK4AR00128*1,Varese
45.599515,8.871694,IT*BEC*EE000361*1,Busto Arsizio
45.647866,9.079362,IT*BEC*EE001042*2,Cogliate
45.625229,9.046163,IT*BEC*EE000011*1,Saronno
45.747533,8.754254,IT*BEC*EE006939*1,Mornago
45.715366,8.641079,IT*BEC*EE004498*1,Castelletto sopra Ticino
45.747533,8.754254,IT*BEC*EE006939*2,Mornago
45.57978,9.081071,IT*BEC*EE001461*2,Garbagnate Milanese
45.707199,8.62895,IT*BEC*EE000357*1,Castelletto sopra Ticino
45.625105,9.027547,IT*BEC*EE000332*2,Saronno
45.821784,8.712175,IT*BEC*EE003733*2,Biandronno
45.715584,8.860736,IT*BEC*EH001137*3,Castelseprio
45.704127,8.902857,IT*BEC*EE000278*1,Tradate
45.584137,8.899839,IT*ENX*E20XP22T3KK4AL01077*2,Legnano
45.821784,8.712175,IT*BEC*EE003733*1,Biandronno
45.748995,8.900865,IT*ENX*E19XP22T5HK4AH00185*2,Venegono Superiore
45.782763,8.504043,IT*BEC*EE004592*2,Meina
45.625816,8.919455,IT*ENX*E18XP22T5LB4U000334*1,Marnate
45.707933,8.819999,IT*ENX*E18XP22T3BB5U000262*2,Oggiona con Santo Stefano
45.615286,8.880378,IT*BEC*EE004262*2,Castellanza
45.823565,8.687332,IT*ENX*E19XP22T3KK4AD00104*2,Bardello con Malgesso e Bregano
45.706965,8.628905,IT*BEC*EE000358*2,Castelletto sopra Ticino
45.5772,9.0248,IT*BEC*EE005818*1,Lainate
45.703837,8.876619,IT*ENX*E18XP22T5HK4AH00194*2,Lonate Ceppino
45.61311,9.00733,IT*BEC*EE007607*1,Uboldo
45.599515,8.871694,IT*BEC*EE000361*2,Busto Arsizio
45.5771,9.0247,IT*BEC*EH000746*3,Lainate
45.617281,9.07913,IT*BEC*EE002161*2,Solaro
45.801617,8.835124,IT*BEC*EE000527*2,Varese
45.549198,8.722868,IT*ENX*E18XP22T3BB5U000307*1,Nosate
45.59953,8.871742,IT*BEC*EE000360*2,Busto Arsizio
45.64899,8.888019,IT*BEC*EE004138*1,Solbiate Olona
46.021573,8.682488,IT*ENX*E20XM32T7KK4AR00138*1,Cannero Riviera
45.64899,8.888019,IT*BEC*EE004138*2,Solbiate Olona
45.6491337,8.797476,IT*EMO*E2084*1,Gallarate
45.731261,8.62647,IT*ENX*ESN2403141135*1,Sesto Calende
46.064333,8.698396,IT*ENX*E19XP22T3KK4AD00446*2,Cannobio
45.67161,8.745465,IT*ENX*E21XP22T3KKJAK00225*2,Casorate Sempione
45.67161,8.745465,IT*ENX*E21XP22T3KKJAK00225*1,Casorate Sempione
45.880007,8.671751,IT*BEC*EE006122*2,Gemonio
45.826906,8.776135,IT*ENX*E19XP22T3KK4AZ00962*1,Casciago
45.633245,8.631322,IT*BEC*EE003267*1,Marano Ticino
45.753499,8.543163,IT*BEC*EH000172*2,Arona
45.55676,8.97912,IT*ENX*E20XP22T3KK4AL00912*1,Nerviano
45.721333,8.889094,IT*ENX*E23BZ6084A*1,Tradate
45.647866,9.079362,IT*BEC*EE001042*1,Cogliate
45.779403,8.919623,IT*ENX*E24BZ4301A*2,Binago
45.607295,8.927431,IT*ENX*E19XM32T7KK4AR00015*3,Legnano
45.740599,8.830536,IT*ENX*E19XP22T3KK4AZ00555*2,Caronno Varesino
45.552488,8.725203,IT*ENX*E19XP22T3KK4AS00014*2,Nosate
46.039211,8.737881,IT*A2C*EI2231000412*3,Maccagno con Pino e Veddasca
46.039211,8.737881,IT*A2C*EI2231000412*4,Maccagno con Pino e Veddasca
45.591639,8.638155,IT*BEC*EH000391*3,Oleggio
45.591639,8.638155,IT*BEC*EH000391*1,Oleggio
45.552617,8.76698,IT*ENX*E20XP22T5HK1AL00017*1,Castano Primo
45.7585,8.8904,IT*ENX*E18DP22T3KK5U000308*2,Venegono Superiore
45.8005,8.8788,IT*ENX*E18XP22T5AB5U000487*1,Malnate
45.628485,8.860843,IT*ENX*E19XP22T3KK4AH00058*2,Olgiate Olona
45.755448,8.900332,IT*ENX*E20XP22T5HK1AL00066*1,Venegono Superiore
45.827778,8.669166,IT*ENX*E19XP22T3KK1AL00107*1,Bardello con Malgesso e Bregano
45.550259,8.977532,IT*ENX*ESN2403141263*2,Nerviano
45.72164,8.694424,IT*ENX*E19XP22T5HK4AH00172*1,Vergiate
45.580759,8.897489,IT*ENX*E21XP22T5HK4AM00088*1,Legnano
45.588349,9.070162,IT*A2A*EI2219000104*1,Cesate
45.709988,8.901604,IT*ENX*E23BZ6071A*2,Tradate
45.579844,8.80149,IT*ENX*E18XP22T3BB4U000209*2,Magnago
45.549271,8.722937,IT*ENX*E24BZ4276A*1,Nosate
45.868872,8.866577,IT*ENX*ESN2403141089*1,Bisuschio
45.554654,8.969508,IT*ENX*E22BZ4050A*3,Nerviano
45.577254,8.792954,IT*ENX*E19XP22T3KK4AH00126*1,Magnago
45.633297,8.852855,IT*A2A*ESN2000278*3,Busto Arsizio
45.782155,8.926392,IT*ENX*ESN2312230318*2,Binago
45.695326,8.805504,IT*ENX*E22BZ3958A*1,Cavaria con Premezzo
45.757916,8.86662,IT*ENX*E18XP22T3BB4U000413*2,Castiglione Olona
45.578964,8.788021,IT*ENX*E20XP22T5HK4AL00165*1,Vanzaghello
45.59311,8.75418,IT*ATE*ER1109*6,Lonate Pozzolo
45.795696,8.569044,IT*ENX*E22BZ4071A*3,Ranco
45.795696,8.569044,IT*ENX*E22BZ4071A*2,Ranco
45.602045,8.877053,IT*ENX*E22XP22T3QQ1AN00945*2,Castellanza
45.647573,9.051228,IT*ENX*E18XP22T3BB5U000479*1,Rovello Porro
45.729249,8.88752,IT*ENX*E19XM32T7CB3W000205*2,Venegono Inferiore
45.554654,8.969508,IT*ENX*E22BZ4050A*2,Nerviano
45.836313,8.699916,IT*ENX*E20XP22T3KK1AL00173*1,Bardello con Malgesso e Bregano
45.559672,9.040033,IT*ENX*E19XM32T7GB3W000047*3,Lainate
45.577222,8.793056,IT*ENX*E21XP22T5HK4AM00114*1,Magnago
45.706316,8.87869,IT*ENX*E19XP22T3KK4AH00120*1,Lonate Ceppino
45.711363,8.894682,IT*ENX*E24BZ0928A*2,Tradate
45.735589,8.987483,IT*ENX*E20XP22T3KK4AL00324*2,Appiano Gentile
45.552488,8.725203,IT*ENX*E19XP22T3KK4AS00014*1,Nosate
45.709988,8.901604,IT*ENX*E23BZ6071A*1,Tradate
45.95105,8.54835,IT*ENX*E20XP22T3KK4AL00634*1,Verbania
45.803111,8.783306,IT*ENX*E19XP22T3KK4AH00443*1,Varese
45.578131,8.786763,IT*ENX*E21XP22T3KKJAL00094*1,Vanzaghello
45.5961866,8.7119972,IT*AXS*ETE100003032*1,Lonate Pozzolo
45.6116191,9.0315727,IT*2ZG*ESCAME127*2,Saronno
45.627309,9.032203,IT*BEC*EE000330*2,Saronno
45.690817,8.793214,IT*ENX*E22XP22T3QQ1AN01025*1,Cavaria con Premezzo
45.627309,9.032203,IT*BEC*EE000330*1,Saronno
45.677374,8.712633,IT*ENX*E19XP22T3KK4AH00367*1,Somma Lombardo
45.5961866,8.7119972,IT*AXS*ETE100003033*2,Lonate Pozzolo
45.677374,8.712633,IT*ENX*E19XP22T3KK4AH00367*2,Somma Lombardo
45.683388,8.706122,IT*ATE*E01148*1,Somma Lombardo
45.732006,8.986647,IT*ENX*E21XP22T5HK4AK00686*1,Appiano Gentile
45.695326,8.805504,IT*ENX*E22BZ3958A*2,Cavaria con Premezzo
45.589453,8.851466,IT*A2A*EI2223000191*4,Busto Arsizio
45.589453,8.851466,IT*A2A*EI2223000191*1,Busto Arsizio
45.589453,8.851466,IT*A2A*EI2223000191*2,Busto Arsizio
45.64786,9.05138,IT*ENX*E18DP22T3KK5U000320*1,Rovello Porro
45.931501,8.571309,IT*ENX*E20XM32T7KK4AR00040*2,Verbania
45.680662,8.987054,IT*BEC*EE001682*2,Limido Comasco
45.690817,8.793214,IT*ENX*E22XP22T3QQ1AN01025*2,Cavaria con Premezzo
45.655471,9.018648,IT*ENX*E18XP22T3BB5U000414*1,Turate
45.610826,8.902813,IT*ENX*E18XP22T5HK4AH00223*1,Castellanza
45.64768,9.051309,IT*ENX*E18XP22T5HK4AH00168*2,Rovello Porro
45.931501,8.571309,IT*ENX*E20XM32T7KK4AR00040*3,Verbania
45.594176,8.919911,IT*ENX*E22BZ3295A*3,Legnano
45.892733,8.668247,IT*A2C*ESN2000041*4,Cittiglio
45.892733,8.668247,IT*A2C*ESN2001100*2,Cittiglio
45.910257,8.792179,IT*ENX*E21XP22T3KK4AK00309*2,Bedero Valcuvia
45.892733,8.668247,IT*A2C*ESN2000041*2,Cittiglio
45.839556,8.76626,IT*A2C*EEC05A0092200008*2,Luvinate
45.814241,8.829035,IT*A2C*E12102044320006*2,Varese
45.892733,8.668247,IT*A2C*ESN2001100*4,Cittiglio
45.6281,8.9038,IT*ENX*E19XP22T3KK4AZ00683*2,Marnate
45.815644,8.832642,IT*ENX*E21XK11M1J03BF00248*1,Varese
45.628485,8.860843,IT*ENX*E19XP22T3KK4AH00058*1,Olgiate Olona
45.594585,9.072543,IT*A2A*EI2219000103*2,Cesate
45.830495,8.825794,IT*A2C*E12225019060009*2,Varese
45.651308,9.001538,IT*ENX*E18XP22T5AB5U000366*1,Turate
45.64768,9.051309,IT*ENX*E18XP22T5HK4AH00168*1,Rovello Porro
45.753499,8.543163,IT*BEC*EH000172*3,Arona
45.627369,9.032205,IT*BEC*EE000359*1,Saronno
45.892517,8.689398,IT*A2C*E12248019070017*1,Brenta
45.892517,8.689398,IT*A2C*E12223021700003*2,Brenta
45.644101,8.817649,IT*BEC*EE002465*1,Gallarate
45.837686,8.909046,IT*A2C*E12117011840001*5,Cantello
45.565513,9.030314,IT*BEC*EE005538*1,Lainate
45.59953,8.871742,IT*BEC*EE000360*1,Busto Arsizio
45.837686,8.909046,IT*A2C*E12117011840001*7,Cantello
45.610137,8.875514,IT*BEC*EE000006*1,Busto Arsizio
45.610082,8.906833,IT*BEC*EE000270*2,Castellanza
45.606558,8.851968,IT*BEC*EE000024*2,Busto Arsizio
45.606558,8.851968,IT*BEC*EE000024*1,Busto Arsizio
45.606492,8.852083,IT*BEC*EE000030*1,Busto Arsizio
45.608716,8.896729,IT*ENX*E21XP22T3KKJAK00066*1,Castellanza
45.837686,8.909046,IT*A2C*E12117011840001*6,Cantello
45.724032,8.58232,IT*BEC*EW000039*2,Dormelletto
45.818089,8.814174,IT*A2C*E12225019060012*2,Varese
45.6281,8.9038,IT*ENX*E19XP22T3KK4AZ00683*1,Marnate
45.652135,8.87829,IT*BEC*EE004124*2,Solbiate Olona
45.652087,8.878305,IT*BEC*EE004103*1,Solbiate Olona
45.603669,8.818456,IT*BEC*EE003333*1,Busto Arsizio
45.818089,8.814174,IT*A2C*E12225019060012*1,Varese
45.625158,9.02645,IT*BEC*EH000171*2,Saronno
45.755415,8.54757,IT*BEC*EE003435*2,Arona
45.642922,8.792344,IT*A2A*ESN2000226*3,Gallarate
45.64904,8.888007,IT*BEC*EE004126*1,Solbiate Olona
45.599988,8.645496,IT*BEC*EH000373*3,Oleggio
45.642922,8.792344,IT*A2A*ESN2000333*3,Gallarate
45.629918,8.860505,IT*EDN*ED00191,Olgiate Olona
45.629918,8.860505,IT*EDN*ED00192,Olgiate Olona
45.642922,8.792344,IT*A2A*ESN2000333*4,Gallarate
45.602045,8.877053,IT*ENX*E22XP22T3QQ1AN00945*1,Castellanza
45.566572,8.987408,IT*BEC*EH001678*2,Nerviano
45.840064,8.760336,IT*A2C*EEC05A0092200007*3,Barasso
45.840064,8.760336,IT*A2C*EEC05A0092200007*1,Barasso
45.588349,9.070162,IT*A2A*EI2219000104*2,Cesate
45.928058,8.555424,IT*BEC*EH000446*3,Verbania
45.837686,8.909046,IT*A2C*E12117011840001*1,Cantello
45.869904,8.908626,IT*A2C*EI2231000415*2,Viggiù
45.642922,8.792344,IT*A2A*ESN2000226*4,Gallarate
45.869904,8.908626,IT*A2C*EI2231000415*4,Viggiù
45.771812,8.673725,IT*BEC*EE003702*2,Comabbio
45.894764,8.68529,IT*A2C*E12248019070019*1,Brenta
45.894764,8.68529,IT*A2C*E12248019070019*2,Brenta
46.101583,8.740508,IT*A2C*EI2230000411*4,Maccagno con Pino e Veddasca
45.712639,8.908441,IT*BEC*EH000240*1,Tradate
45.728482,8.887592,IT*A2A*E12005061520009*3,Venegono Inferiore
46.021573,8.682488,IT*ENX*E20XM32T7KK4AR00138*2,Cannero Riviera
45.642922,8.792344,IT*A2A*ESN2000333*1,Gallarate
45.642922,8.792344,IT*A2A*ESN2000333*2,Gallarate
45.712639,8.908441,IT*BEC*EH000240*2,Tradate
45.789395,8.540132,IT*BEC*EH000347*2,Meina
45.849727,8.909019,IT*A2C*EI2231000418*3,Viggiù
45.59848,8.939931,IT*BEC*EH000112*3,Legnano
45.881633,8.599809,IT*BEC*EE003434*1,Leggiuno
45.874935,8.620546,IT*BEC*EE003433*1,Leggiuno
45.642922,8.792344,IT*A2A*ESN2000226*2,Gallarate
45.633245,8.631322,IT*BEC*EE003267*2,Marano Ticino
45.892733,8.668247,IT*A2C*ESN2001100*1,Cittiglio
45.892733,8.668247,IT*A2C*ESN2000041*1,Cittiglio
45.837686,8.909046,IT*A2C*E12117011840001*4,Cantello
45.837686,8.909046,IT*A2C*E12117011840001*2,Cantello
45.837686,8.909046,IT*A2C*E12117011840001*3,Cantello
45.839556,8.76626,IT*A2C*EEC05A0092200008*4,Luvinate
45.872089,8.907704,IT*A2C*EI2235000453*1,Viggiù
45.794398,8.801786,IT*A2C*E12102044320028*1,Varese
45.892517,8.689398,IT*A2C*E12223021700003*1,Brenta
45.794398,8.801786,IT*A2C*E12102044320028*2,Varese
45.892517,8.689398,IT*A2C*E12248019070017*2,Brenta
45.794398,8.801786,IT*A2C*E12248019070018*2,Varese
45.794398,8.801786,IT*A2C*E12102044320028*3,Varese
45.872089,8.907704,IT*A2C*EI2235000453*4,Viggiù
45.872089,8.907704,IT*A2C*EI2235000453*3,Viggiù
45.892517,8.689398,IT*A2C*E12223021700003*3,Brenta
45.709397,8.79145,IT*A2C*E12248019070015*2,Jerago con Orago
46.101583,8.740508,IT*A2C*EI2230000411*3,Maccagno con Pino e Veddasca
45.709397,8.79145,IT*A2C*E12248019070015*1,Jerago con Orago
45.849727,8.909019,IT*A2C*EI2231000416*3,Viggiù
45.849727,8.909019,IT*A2C*EI2231000416*4,Viggiù
45.849727,8.909019,IT*A2C*EI2231000416*1,Viggiù
45.849727,8.909019,IT*A2C*EI2231000416*2,Viggiù
45.849727,8.909019,IT*A2C*EI2231000418*4,Viggiù
45.600961,9.079393,IT*A2A*EI2227000325*1,Cesate
45.595298,9.075788,IT*A2A*EI2227000329*1,Cesate
45.594585,9.072543,IT*A2A*EI2219000103*1,Cesate
45.595298,9.075788,IT*A2A*EI2227000329*2,Cesate
45.70681,8.77868,IT*PWY*EC0018*01*01,Jerago con Orago
45.605325,8.87373,IT*ASM*EHYC15019BZ00168*1,Busto Arsizio
45.947031,8.812004,IT*BEC*EE005563*2,Cugliate-Fabiasco
45.947031,8.812004,IT*BEC*EE005563*1,Cugliate-Fabiasco
45.75861,8.87596,IT*PWY*EC0032*01*02,Castiglione Olona
45.744975,8.806406,IT*PWY*EC0035*01*02,Castronno
45.6707,8.76401,IT*PWY*EC0037*01*01,Gallarate
45.70681,8.77868,IT*PWY*EC0018*02*01,Jerago con Orago
45.62875,9.04771,IT*PWY*EC0046*04*01,Saronno
45.62875,9.04771,IT*PWY*EC0046*03*02,Saronno
45.62875,9.04771,IT*PWY*EC0046*02*01,Saronno
45.822196,8.74709,IT*PWY*EC0062*01*01,Gavirate
45.62875,9.04771,IT*PWY*EC0046*02*02,Saronno
45.62875,9.04771,IT*PWY*EC0046*03*01,Saronno
45.582538,8.713986,IT*ATE*ER1104*3,Lonate Pozzolo
45.582538,8.713986,IT*ATE*ER1104*1,Lonate Pozzolo
45.610191,8.906986,IT*BEC*EE000268*2,Castellanza
45.693987,8.803327,IT*PWY*EC0028*01*01,Cavaria con Premezzo
45.62875,9.04771,IT*PWY*EC0046*04*02,Saronno
45.795793,8.726218,IT*BEC*EE004228*2,Cazzago Brabbia
45.688338,8.717373,IT*ATE*E00456*2,Somma Lombardo
45.822196,8.74709,IT*PWY*EC0062*01*02,Gavirate
45.791323,8.796373,IT*PWY*EC0004*01*01,Buguggiate
45.693987,8.803327,IT*PWY*EC0028*01*02,Cavaria con Premezzo
45.582538,8.713986,IT*ATE*ER1104*4,Lonate Pozzolo
45.79201,8.795806,IT*PWY*EC0004*01*02,Buguggiate
45.570362,9.022654,IT*ATE*E00454*2,Lainate
45.932464,8.563411,IT*ASM*EHYC15021BZ0596A*2,Verbania
45.634587,8.835508,IT*GES*EACI,Busto Arsizio
45.857679,8.860254,IT*PWY*EC0041*02*02,Arcisate
45.643652,8.769692,IT*GES*ECE6,Cardano al Campo
45.629686,9.079794,IT*GES*EG3N,Ceriano Laghetto
45.922315,8.551508,IT*ASM*E100201626*1,Verbania
45.932464,8.563411,IT*ASM*EHYC15021BZ0596A*1,Verbania
45.616514,9.073818,IT*FWY*E000009*2,Solaro
45.612217,9.079718,IT*FWY*E000019*1,Solaro
45.614194,9.041389,IT*GES*EHG7VU,Saronno
45.615803,9.030739,IT*GES*EEUV,Saronno
45.859558,8.690606,IT*GES*EB1E,Cocquio-Trevisago
45.568242,9.027236,IT*ATE*E01276*2,Lainate
45.735435,8.57585,IT*EMOE1174,Dormelletto
45.615803,9.030739,IT*GES*EFD6,Saronno
45.735435,8.57585,IT*EMOE1175,Dormelletto
45.810026,8.838134,IT*PWY*EP0017*02*01,Varese
45.728482,8.887592,IT*A2A*E12005061520009*2,Venegono Inferiore
45.728482,8.887592,IT*A2A*E12005061520009*1,Venegono Inferiore
45.947663,8.766091,IT*ATE*E00258*1,Mesenzana
45.72018,8.61315,IT*BEC*EE002600*2,Castelletto sopra Ticino
45.6275735,8.7008652,IT*EMO*E2041*1,Vizzola Ticino
45.779417,8.698083,IT*DUF*E000082*1,Ternate
45.779417,8.698083,IT*DUF*E000082*2,Ternate
45.881633,8.599809,IT*BEC*EE003434*2,Leggiuno
45.947406,8.759132,IT*ATE*E00323*1,Mesenzana
45.633222,8.833972,IT*GES*EXRTLI,Busto Arsizio
45.633222,8.833972,IT*GES*EMK9MU,Busto Arsizio
45.633222,8.833972,IT*GES*EQZ9Q5,Busto Arsizio
45.633222,8.833972,IT*GES*EP7RQY,Busto Arsizio
45.676005,8.704143,IT*ATE*E00365*2,Somma Lombardo
45.998897,8.742586,IT*BEC*EE004697*2,Luino
45.6556247,8.8682976,IT*AXS*EAXP2107H004*1,Solbiate Olona
45.6556247,8.8682976,IT*AXS*EAXP2107H004*2,Solbiate Olona
45.5961866,8.7119972,IT*AXS*ETE100003023*1,Lonate Pozzolo
45.5961866,8.7119972,IT*AXS*ETE100003023*2,Lonate Pozzolo
45.95625,8.762306,IT*GES*EPE4GF,Mesenzana
45.5961866,8.7119972,IT*AXS*ETE100003028*1,Lonate Pozzolo
45.633026,8.833863,IT*GES*EGK586,Busto Arsizio
45.5961866,8.7119972,IT*AXS*ETE100003033*1,Lonate Pozzolo
45.5961866,8.7119972,IT*AXS*ETE100003028*2,Lonate Pozzolo
45.744975,8.806406,IT*PWY*EC0035*01*01,Castronno
45.5961866,8.7119972,IT*AXS*ETE100003032*2,Lonate Pozzolo
45.633026,8.833863,IT*GES*E5TSK0,Busto Arsizio
45.70416,8.90404,IT*GES*E83B,Tradate
45.615803,9.030739,IT*GES*ECOA,Saronno
45.70416,8.90404,IT*GES*E8HD,Tradate
45.617281,9.07913,IT*BEC*EE002161*1,Solaro
45.70416,8.90404,IT*GES*E83H,Tradate
45.75861,8.87596,IT*PWY*EC0032*01*01,Castiglione Olona
45.61454,8.855924,IT*GES*EDZJ7W,Busto Arsizio
45.61454,8.855924,IT*GES*EW8MQI,Busto Arsizio
45.61454,8.855924,IT*GES*E3L8IC,Busto Arsizio
45.672897,8.759015,IT*GES*EPAMUB*1,Gallarate
45.657861,8.791472,IT*GES*EPKUDZ*1,Gallarate
45.657861,8.791472,IT*GES*EPKUDZ*2,Gallarate
45.672897,8.759015,IT*GES*EPAMUB*2,Gallarate
45.602343,9.00004,IT*2ZG*ESCAME77*2,Uboldo
45.634534,8.834985,IT*GES*EFDX,Busto Arsizio
45.634587,8.835508,IT*GES*EACS,Busto Arsizio
45.623212,9.106672,IT*GES*E7C0,Ceriano Laghetto
45.623212,9.106672,IT*GES*E34Q,Ceriano Laghetto
45.564714,9.045971,IT*EWI*EEW011002*2,Lainate
45.564714,9.045971,IT*EWI*EEW011002*1,Lainate
45.634534,8.834985,IT*GES*EFDS,Busto Arsizio
45.643652,8.769692,IT*GES*EBQ6,Cardano al Campo
45.629686,9.079794,IT*GES*EUAN,Ceriano Laghetto
45.652946,8.770247,IT*GES*EB92,Cardano al Campo
45.652946,8.770247,IT*GES*EB32,Cardano al Campo
45.634499,8.835468,IT*GES*EAA2,Busto Arsizio
45.631451,9.054026,IT*GES*EFQX,Ceriano Laghetto
45.631451,9.054026,IT*GES*EFPU,Ceriano Laghetto
45.634499,8.835468,IT*GES*EA9C,Busto Arsizio
45.830495,8.825794,IT*A2C*E12225019060009*1,Varese
45.83132,8.834537,IT*GES*E6C6DI,Varese
45.962751,8.616114,IT*ASM*E100201639*2,Ghiffa
46.060623,8.678157,IT*ASM*E12115009960003*1,Cannobio
45.94567,8.490322,IT*ASM*E12020014790015*1,Verbania
45.922315,8.551508,IT*ASM*E100201626*2,Verbania
45.709005,8.908471,IT*BEC*EE005515*1,Tradate
45.83132,8.834537,IT*GES*EU35M1,Varese
45.835731,8.801256,IT*GES*E1RDAB,Varese
45.835731,8.801256,IT*GES*EKI74L,Varese
45.614194,9.041389,IT*GES*EWFCB1,Saronno
45.718765,8.810299,IT*PWY*EC0005*01*01,Solbiate Arno
45.718765,8.810299,IT*PWY*EC0005*01*02,Solbiate Arno
45.6275735,8.7008652,IT*EMO*E2051*1,Vizzola Ticino
45.769727,8.818366,IT*GES*E5D3,Gazzada Schianno
45.643281,8.760304,IT*PWY*EL0036*01*02*X,Cardano al Campo
45.83925,8.7071,IT*GES*E5UL,Gavirate
45.83925,8.7071,IT*GES*E5V2,Gavirate
46.039211,8.737881,IT*A2C*EI2231000412*2,Maccagno con Pino e Veddasca
45.643281,8.760304,IT*PWY*EL0036*01*01*X,Cardano al Campo
45.602343,9.00004,IT*2ZG*ESCAME77*1,Uboldo
45.602343,9.00004,IT*2ZG*ESCAME77*3,Uboldo
45.602343,9.00004,IT*2ZG*ESCAME77*4,Uboldo
45.851764,8.70136,IT*GES*E6ON,Cocquio-Trevisago
45.851764,8.70136,IT*GES*E6OJ,Cocquio-Trevisago
45.95013,8.54828,IT*PWY*EC0036*01*01,Verbania
45.6116191,9.0315727,IT*2ZG*ESCAME127*1,Saronno
45.594066,8.756004,IT*PWY*EC0033*01*01,Lonate Pozzolo
45.89606,8.89555,IT*PWY*EC0021*01*01,Besano
45.89606,8.89555,IT*PWY*EC0021*01*02,Besano
45.84076,8.66953,IT*PWY*EC0026*01*01,Besozzo
45.84076,8.66953,IT*PWY*EC0026*01*02,Besozzo
45.6707,8.76401,IT*PWY*EC0037*01*02,Gallarate
45.60997,8.83928,IT*PWY*EC0034*01*02,Busto Arsizio
45.718998,8.59834,IT*PWY*EC0088*01*01,Castelletto sopra Ticino
45.573719,8.862437,IT*PWY*EC0010*01*01,Dairago
45.8678,8.91804,IT*PWY*EC0040*01*02,Saltrio
45.60997,8.83928,IT*PWY*EC0034*01*01,Busto Arsizio
45.810026,8.838134,IT*PWY*EP0017*01*02,Varese
45.60366,8.84817,IT*PWY*EC0006*01*02,Busto Arsizio
45.59957,8.94995,IT*ATE*E00195*1,Cerro Maggiore
45.93333,8.80617,IT*PWY*EC0024*01*01,Cunardo
45.59957,8.94995,IT*ATE*E00195*2,Cerro Maggiore
45.96609,8.85411,IT*PWY*EC0044*01*02,Lavena Ponte Tresa
45.857679,8.860254,IT*PWY*EC0041*01*01,Arcisate
45.857679,8.860254,IT*PWY*EC0041*01*02,Arcisate
45.70416,8.90404,IT*GES*E83P,Tradate
45.839736,8.705391,IT*PWY*EC0097*02*01,Gavirate
45.768902,8.594899,IT*PWY*EC0030*01*01,Angera
45.768902,8.594899,IT*PWY*EC0030*01*02,Angera
45.594066,8.756004,IT*PWY*EC0033*01*02,Lonate Pozzolo
46.067312,8.699332,IT*ASM*E12020014790034*1,Cannobio
45.810026,8.838134,IT*PWY*EP0017*01*01,Varese
45.991295,8.649359,IT*ASM*E100201640*1,Oggebbio
45.991295,8.649359,IT*ASM*E100201640*2,Oggebbio
45.60366,8.84817,IT*PWY*EC0006*01*01,Busto Arsizio
45.95013,8.54828,IT*PWY*EC0036*01*02,Verbania
45.93026,8.541772,IT*ASM*E100201624*2,Verbania
45.8678,8.91804,IT*PWY*EC0040*01*01,Saltrio
45.93333,8.80617,IT*PWY*EC0024*01*02,Cunardo
45.647156,8.88747,IT*PWY*EC0009*02*01,Solbiate Olona
45.573719,8.862437,IT*PWY*EC0010*02*01,Dairago
45.63445,9.01162,IT*PWY*EC0008*02*01,Gerenzano
45.626044,8.905391,IT*PWY*EC0053*01*01,Marnate
45.839736,8.705391,IT*PWY*EC0097*01*02,Gavirate
45.947663,8.766091,IT*ATE*E00258*2,Mesenzana
45.681156,8.943137,IT*PWY*EA0015*01*02,Carbonate
45.833762,8.908435,IT*PWY*EC0029*01*02,Cantello
45.626044,8.905391,IT*PWY*EC0053*01*02,Marnate
45.833762,8.908435,IT*PWY*EC0029*01*01,Cantello
45.63445,9.01162,IT*PWY*EC0008*01*01,Gerenzano
45.647156,8.88747,IT*PWY*EC0009*03*01,Solbiate Olona
45.857679,8.860254,IT*PWY*EC0041*02*01,Arcisate
45.665905,8.61886,IT*PWY*EC0105*01*01,Varallo Pombia
45.731885,8.83163,IT*PWY*EC0039*01*02,Caronno Varesino
45.810026,8.838134,IT*PWY*EP0017*02*02,Varese
45.681156,8.943137,IT*PWY*EA0015*02*01,Carbonate
45.96609,8.85411,IT*PWY*EC0044*01*01,Lavena Ponte Tresa
45.64705,8.8868,IT*PWY*EC0009*01*01,Solbiate Olona
45.718998,8.59834,IT*PWY*EC0088*01*02,Castelletto sopra Ticino
45.731885,8.83163,IT*PWY*EC0039*01*01,Caronno Varesino
45.839736,8.705391,IT*PWY*EC0097*02*02,Gavirate
45.947406,8.759132,IT*ATE*E00323*2,Mesenzana
45.676005,8.704143,IT*ATE*E00365*1,Somma Lombardo
45.684694,8.940253,IT*PWY*EA0016*01*02,Carbonate
45.905352,8.622329,IT*PWY*EC0031*01*02,Laveno-Mombello
45.570362,9.022654,IT*ATE*E00454*1,Lainate
45.688338,8.717373,IT*ATE*E00456*1,Somma Lombardo
45.683388,8.706122,IT*ATE*E01148*2,Somma Lombardo
45.6790619,8.7256453,IT*BPA*EBPA731*2,Somma Lombardo
45.561667,9.026585,IT*ATE*E01279*1,Lainate
45.561667,9.026585,IT*ATE*E01279*2,Lainate
45.582538,8.713986,IT*ATE*ER1104*2,Lonate Pozzolo
45.653198,9.041936,IT*GES*EK6Q,Rovello Porro
45.568242,9.027236,IT*ATE*E01276*1,Lainate
45.678347,8.710821,IT*ATE*E01150*1,Somma Lombardo
45.568061,9.009621,IT*ATE*E01274*1,Lainate
45.59311,8.75418,IT*ATE*ER1109*1,Lonate Pozzolo
45.6790619,8.7256453,IT*BPA*EBPA731*1,Somma Lombardo
45.686243,8.712536,IT*ATE*E00602*1,Somma Lombardo
45.554541,9.027741,IT*ATE*E00608*2,Lainate
45.555941,9.016136,IT*ATE*E00609*2,Lainate
45.615803,9.030739,IT*GES*EFDL,Saronno
45.611664,9.035165,IT*GES*EABAXQ,Saronno
45.838888,8.837525,IT*GES*EQKLOW,Induno Olona
45.559011,9.041827,IT*GES*EO3GY8,Lainate
45.838888,8.837525,IT*GES*E9S1Q7,Induno Olona
45.838888,8.837525,IT*GES*EIYHPR,Induno Olona
45.559011,9.041827,IT*GES*EODAK1,Lainate
45.559011,9.041827,IT*GES*E0CB3I,Lainate
45.769809,8.818194,IT*GES*E5BP,Gazzada Schianno
45.769719,8.818205,IT*GES*E5D7,Gazzada Schianno
45.723755,8.652197,IT*GES*E75C,Sesto Calende
45.769719,8.818205,IT*GES*E5DX,Gazzada Schianno
45.769809,8.818194,IT*GES*E5CX,Gazzada Schianno
46.002227,8.742505,IT*GES*E538,Luino
45.616514,9.073818,IT*FWY*E000009*1,Solaro
45.706316,8.87869,IT*ENX*E19XP22T3KK4AH00120*2,Lonate Ceppino
45.607833,8.907449,IT*PWY*EC0007*01*01,Castellanza
45.796656,8.846946,IT*A2C*E12248019070020*2,Varese
45.869904,8.908626,IT*A2C*EI2231000415*3,Viggiù
45.859558,8.690606,IT*GES*EB5T,Cocquio-Trevisago
45.9422245,8.4711973,IT*REVETACR2245022S1358*1,Verbania
45.796656,8.846946,IT*A2C*E12248019070020*1,Varese
45.607833,8.907449,IT*PWY*EC0007*02*01,Castellanza
45.869904,8.908626,IT*A2C*EI2231000415*1,Viggiù
45.659428,8.808666,IT*REVETACR2244822S0294*1,Gallarate
45.967287,8.839115,IT*REVETACR2243022S5158*1,Cadegliano-Viconago
45.820927,8.831632,IT*GES*E951,Varese
45.859685,8.6841,IT*GES*EBPN,Cocquio-Trevisago
45.8041213,8.8401217,IT*REVEGSP00635*1,Varese
45.61588,9.064764,IT*FWY*E000079*1,Solaro
45.801622,8.696435,IT*GES*EEJ2,Travedona-Monate
45.612217,9.079718,IT*FWY*E000019*2,Solaro
46.002227,8.742505,IT*GES*E52V,Luino
45.859685,8.6841,IT*GES*EBPV,Cocquio-Trevisago
45.625827,8.889396,IT*GES*E5BZ4J,Olgiate Olona
45.809383,8.696122,IT*GES*EEG5,Travedona-Monate
45.6790619,8.7256453,IT*BPA*EBPA705*1,Somma Lombardo
45.801622,8.696435,IT*GES*EK5Q,Travedona-Monate
45.625827,8.889396,IT*GES*EC10,Olgiate Olona
45.73654,8.71559,IT*GES*EB4D,Vergiate
45.590072,9.049222,IT*GES*EX53,Caronno Pertusella
45.625827,8.889396,IT*GES*EP2USJ,Olgiate Olona
45.73654,8.71559,IT*GES*EE9Y,Vergiate
45.653198,9.041936,IT*GES*EK63,Rovello Porro
45.590072,9.049222,IT*GES*EXBK,Caronno Pertusella
45.6790619,8.7256453,IT*BPA*EBPA705*2,Somma Lombardo
45.590072,9.049222,IT*GES*EX2A,Caronno Pertusella
45.652607,9.03711,IT*GES*ESQH,Rovello Porro
45.590072,9.049222,IT*GES*EX6Z,Caronno Pertusella
45.85991,8.695763,IT*GES*EBOL,Cocquio-Trevisago
45.652607,9.03711,IT*GES*ELUM,Rovello Porro
45.591525,9.048308,IT*GES*EXDA,Caronno Pertusella
45.85991,8.695763,IT*GES*EB8D,Cocquio-Trevisago
45.864691,8.933245,IT*BEC*EE007158*2,Clivio
45.809383,8.696122,IT*GES*EEG2,Travedona-Monate
45.612775,8.855189,IT*A2A*E12232026350003*3,Busto Arsizio
45.920918,8.822639,IT*REVESBC1164*1*1,Valganna
45.846624,8.839996,IT*ENX*E19XP22T3KK4AS00034*2,Induno Olona
45.592437,8.63966,IT*GES*ETOFEC,Oleggio
45.659428,8.808444,IT*REVETACR2244822S0304*1,Gallarate
45.605199,8.879044,IT*A2A*E12310006420003*1,Castellanza
45.814417,8.810149,IT*A2A*E12320009780026*1,Varese
45.6091232,8.8899946,IT*REVETACR2245022S0175*1,Castellanza
45.839556,8.76626,IT*A2C*EEC05A0092200008*3,Luvinate
45.962751,8.616114,IT*ASM*E100201639*1,Ghiffa
45.892517,8.689398,IT*A2C*E12248019070016*2,Brenta
45.892517,8.689398,IT*A2C*E12248019070016*1,Brenta
45.93026,8.541772,IT*ASM*E100201624*1,Verbania
45.544874,9.017142,IT*ATE*E01278*2,Lainate
45.905352,8.622329,IT*PWY*EC0031*01*01,Laveno-Mombello
45.681156,8.943137,IT*PWY*EA0015*01*01,Carbonate
45.681156,8.943137,IT*PWY*EA0015*02*02,Carbonate
45.573719,8.862437,IT*PWY*EC0010*03*01,Dairago
45.684694,8.940253,IT*PWY*EA0016*01*01,Carbonate
45.839736,8.705391,IT*PWY*EC0097*01*01,Gavirate
45.839736,8.705391,IT*PWY*EC0097*03*02,Gavirate
45.839736,8.705391,IT*PWY*EC0097*03*01,Gavirate
45.665905,8.61886,IT*PWY*EC0105*01*02,Varallo Pombia
45.814241,8.829035,IT*A2C*E12102044320006*3,Varese
45.814241,8.829035,IT*A2C*E12102044320006*1,Varese
45.811167,8.840453,IT*PWY*EC0020*01*01,Varese
45.811167,8.840453,IT*PWY*EC0020*01*02,Varese
45.651261,8.844827,IT*DUF*E000156*1,Cassano Magnago
45.698451,8.658172,IT*BEC*EE006203*1,Golasecca
45.544874,9.017142,IT*ATE*E01278*1,Lainate
45.605221,8.879165,IT*A2A*E12242043700004*2,Castellanza
45.840064,8.760336,IT*A2C*EEC05A0092200007*2,Barasso
45.651261,8.844827,IT*DUF*E000156*2,Cassano Magnago
45.821067,8.829039,IT*A2C*E12225019060027*1,Varese
45.970556,8.619444,IT*ENX*E19XP22T3KK4AH00328*2,Ghiffa
45.695306,8.701243,IT*FWY*E000076*2,Somma Lombardo
45.602154,9.072521,IT*EWI*EEW121202*1,Cesate
45.602154,9.072521,IT*EWI*EEW121202*2,Cesate
45.602142,9.072446,IT*EWI*EEW121201*1,Cesate
45.602142,9.072446,IT*EWI*EEW121201*2,Cesate
45.605199,8.879044,IT*A2A*E12310006420003*2,Castellanza
45.719107,8.616763,IT*ESP*E00421,Castelletto sopra Ticino
45.719107,8.616763,IT*ESP*E00422,Castelletto sopra Ticino
45.719107,8.616763,IT*ESP*E00431,Castelletto sopra Ticino
45.719107,8.616763,IT*ESP*E00432,Castelletto sopra Ticino
45.620762,8.851597,IT*A2A*ESN1900442*4,Busto Arsizio
45.59311,8.75418,IT*ATE*ER1109*5,Lonate Pozzolo
45.59311,8.75418,IT*ATE*ER1109*3,Lonate Pozzolo
45.59311,8.75418,IT*ATE*ER1109*4,Lonate Pozzolo
45.826172,8.741264,IT*REVEPGT0011*1*1,Gavirate
45.826172,8.741264,IT*REVEPGT0011*1*2,Gavirate
45.562958,9.017837,IT*ATE*E01282*1,Lainate
45.669528,8.818472,IT*DUF*E000155*2,Cassano Magnago
45.669528,8.818472,IT*DUF*E000155*1,Cassano Magnago
45.920918,8.822639,IT*REVESBC1164*1*2,Valganna
45.66446,8.748922,IT*REVETACR2244822S0305*1,Casorate Sempione
45.6416073,8.8213386,IT*REVETACR2244822S0612*1,Gallarate
45.641538,8.8214513,IT*REVETACR2244822S0609*1,Gallarate
45.6091603,8.8338099,IT*REVETACR2245022S0224*1,Busto Arsizio
45.6161014,8.9506239,IT*REVETACR2243022S5094*1,Rescaldina
45.996592,8.652696,IT*REVEGRP00930*1,Oggebbio
45.645497,9.103292,IT*REVETACR2244822S0421*1,Cogliate
45.695152,8.659594,IT*REVEGSP00212*1,Golasecca
45.942309,8.4713344,IT*REVETACR2245022S1347*1,Verbania
45.9422642,8.4712579,IT*REVETACR2245022S1356*1,Verbania
45.790001,8.889928,IT*REVETACR2245022S1245*1,Malnate
45.6091232,8.8899946,IT*REVETACR2245022S0217*1,Castellanza
45.592437,8.63966,IT*GES*EX08ZW,Oleggio
45.592437,8.63966,IT*GES*EYMXYR,Oleggio
45.592437,8.63966,IT*GES*EY9K45,Oleggio
45.92897,8.555749,IT*GES*EL4XGC*2,Verbania
46.039211,8.737881,IT*A2C*EI2231000412*1,Maccagno con Pino e Veddasca
45.92897,8.555749,IT*GES*EL4XGC*1,Verbania
45.562958,9.017837,IT*ATE*E01282*2,Lainate
45.652444,8.783744,IT*GES*E69R6D,Gallarate
45.652444,8.783744,IT*GES*EOA45U,Gallarate
45.892733,8.668247,IT*A2C*ESN2001100*3,Cittiglio
45.678347,8.710821,IT*ATE*E01150*2,Somma Lombardo
45.5771,9.0247,IT*BEC*EH000746*1,Lainate
45.803095,8.649567,IT*DUF*E000109*2,Cadrezzate con Osmate
45.803095,8.649567,IT*DUF*E000109*1,Cadrezzate con Osmate
45.5773,9.0249,IT*BEC*EE005820*2,Lainate
45.642922,8.792344,IT*A2A*ESN2000226*1,Gallarate
45.605221,8.879165,IT*A2A*E12242043700004*1,Castellanza
45.789577,8.93255,IT*BEC*EH000784*3,Solbiate con Cagno
45.872089,8.907704,IT*A2C*EI2235000453*2,Viggiù
45.840064,8.760336,IT*A2C*EEC05A0092200007*4,Barasso
45.734795,8.883038,IT*BEC*EE002000*2,Venegono Inferiore
45.821789,8.712112,IT*BEC*EE003696*1,Biandronno
45.612775,8.855189,IT*A2A*E12232026350003*1,Busto Arsizio
45.633297,8.852855,IT*A2A*ESN2000278*2,Busto Arsizio
45.618753,8.854732,IT*A2A*E12242043700002*1,Busto Arsizio
45.612775,8.855189,IT*A2A*E12232026350003*2,Busto Arsizio
45.607596,8.847401,IT*A2A*E12242043700001*2,Busto Arsizio
45.607596,8.847401,IT*A2A*E12242043700001*1,Busto Arsizio
45.618753,8.854732,IT*A2A*E12242043700002*2,Busto Arsizio
45.620762,8.851597,IT*A2A*ESN1900442*2,Busto Arsizio
45.864685,8.933186,IT*BEC*EE006704*2,Clivio
45.620762,8.851597,IT*A2A*ESN1900442*1,Busto Arsizio
45.568061,9.009621,IT*ATE*E01274*2,Lainate
45.554541,9.027741,IT*ATE*E00608*1,Lainate
45.573335,9.039915,IT*ATE*E00606*1,Lainate
45.59311,8.75418,IT*ATE*ER1109*2,Lonate Pozzolo
45.577284,9.024229,IT*ATE*E00607*2,Lainate
45.577284,9.024229,IT*ATE*E00607*1,Lainate
45.686243,8.712536,IT*ATE*E00602*2,Somma Lombardo
45.573335,9.039915,IT*ATE*E00606*2,Lainate
45.555941,9.016136,IT*ATE*E00609*1,Lainate
45.6906128,8.8210787,IT*IPE*E170002652*2,Oggiona con Santo Stefano
